time,temp,dwpt,rhum,prcp,snow,wdir,wspd,wpgt,pres,tsun,coco
2024-01-01 00:00:00,9.0,9.0,100.0,0.0,,120.0,6.0,,1019.0,,5.0
2024-01-01 01:00:00,9.0,8.1,94.0,0.0,,340.0,6.0,,1019.0,,5.0
2024-01-01 02:00:00,8.0,8.0,100.0,0.0,,350.0,7.0,,1020.0,,5.0
2024-01-01 03:00:00,8.0,8.0,100.0,0.0,,340.0,6.0,,1020.0,,5.0
2024-01-01 04:00:00,10.0,10.0,100.0,0.0,,250.0,6.0,,1020.0,,5.0
2024-01-01 05:00:00,13.0,11.1,88.0,0.0,,280.0,6.0,,1020.0,,5.0
2024-01-01 06:00:00,15.0,8.9,67.0,0.0,,270.0,6.0,,1020.0,,5.0
2024-01-01 07:00:00,17.0,9.9,63.0,0.0,,150.0,7.0,,1018.0,,5.0
2024-01-01 08:00:00,17.0,9.9,63.0,0.0,,180.0,7.0,,1018.0,,5.0
2024-01-01 09:00:00,16.0,11.0,72.0,0.0,,150.0,9.0,,1017.0,,5.0
2024-01-01 10:00:00,15.0,11.0,77.0,0.0,,160.0,9.0,,1017.0,,5.0
2024-01-01 11:00:00,14.0,11.0,82.0,0.0,,130.0,7.0,,1017.0,,5.0
2024-01-01 12:00:00,11.0,11.0,100.0,0.0,,120.0,7.0,,1017.0,,5.0
2024-01-01 13:00:00,10.0,10.0,100.0,0.0,,100.0,6.0,,1018.0,,5.0
2024-01-01 14:00:00,10.0,9.1,94.0,0.0,,90.0,6.0,,1018.0,,5.0
2024-01-01 15:00:00,11.5,9.2,86.0,0.0,,36.0,6.1,,1017.5,,1.0
2024-01-01 16:00:00,11.6,8.3,80.0,0.0,,28.0,5.4,,1018.2,,1.0
2024-01-01 17:00:00,12.8,8.3,74.0,0.0,,40.0,4.7,,1018.2,,1.0
2024-01-01 18:00:00,13.6,7.8,68.0,0.0,,39.0,5.4,,1017.8,,1.0
2024-01-01 19:00:00,11.9,6.6,70.0,0.0,,34.0,6.1,,1017.5,,1.0
2024-01-01 20:00:00,12.3,5.7,64.0,0.0,,35.0,6.1,,1017.2,,1.0
2024-01-01 21:00:00,12.6,1.3,46.0,0.0,,51.0,5.0,,1016.9,,1.0
2024-01-01 22:00:00,12.7,0.8,44.0,0.0,,48.0,4.7,,1016.7,,1.0
2024-01-01 23:00:00,12.3,0.4,44.0,0.0,,46.0,4.3,,1016.5,,1.0
2024-01-02 00:00:00,8.0,8.0,100.0,0.0,,260.0,6.0,,1018.0,,5.0
2024-01-02 01:00:00,8.0,8.0,100.0,0.0,,150.0,6.0,,1019.0,,5.0
2024-01-02 02:00:00,7.0,7.0,100.0,0.0,,30.0,6.0,,1019.0,,5.0
2024-01-02 03:00:00,8.0,6.9,93.0,0.0,,310.0,6.0,,1020.0,,5.0
2024-01-02 04:00:00,8.0,8.0,100.0,0.0,,320.0,6.0,,1020.0,,5.0
2024-01-02 05:00:00,10.0,10.0,100.0,0.0,,260.0,6.0,,1020.0,,5.0
2024-01-02 06:00:00,13.0,11.1,88.0,0.0,,190.0,6.0,,1019.0,,5.0
2024-01-02 07:00:00,16.0,9.0,63.0,0.0,,140.0,6.0,,1018.0,,5.0
2024-01-02 08:00:00,18.0,9.1,56.0,0.0,,250.0,6.0,,1017.0,,5.0
2024-01-02 09:00:00,19.0,8.9,52.0,0.0,,230.0,6.0,,1017.0,,5.0
2024-01-02 10:00:00,18.0,9.1,56.0,0.0,,210.0,7.0,,1016.0,,5.0
2024-01-02 11:00:00,15.0,10.0,72.0,0.0,,140.0,7.0,,1016.0,,5.0
2024-01-02 12:00:00,13.0,10.0,82.0,0.0,,120.0,6.0,,1016.0,,5.0
2024-01-02 13:00:00,12.0,10.1,88.0,0.0,,90.0,6.0,,1017.0,,5.0
2024-01-02 14:00:00,10.0,10.0,100.0,0.0,,60.0,7.0,,1017.0,,5.0
2024-01-02 15:00:00,12.8,9.4,80.0,0.0,,50.0,4.3,,1017.0,,1.0
2024-01-02 16:00:00,12.8,8.1,73.0,0.0,,47.0,4.3,,1017.1,,1.0
2024-01-02 17:00:00,12.2,6.0,66.0,0.0,,43.0,4.3,,1017.2,,1.0
2024-01-02 18:00:00,11.8,4.5,61.0,0.0,,51.0,3.6,,1017.4,,1.0
2024-01-02 19:00:00,8.5,3.5,71.0,0.0,,52.0,4.0,,1017.4,,1.0
2024-01-02 20:00:00,8.6,3.2,69.0,0.0,,58.0,4.7,,1017.4,,1.0
2024-01-02 21:00:00,8.6,3.2,69.0,0.0,,52.0,5.8,,1017.2,,3.0
2024-01-02 22:00:00,12.5,3.2,53.0,0.0,,38.0,5.8,,1016.6,,3.0
2024-01-02 23:00:00,11.7,3.5,57.0,0.0,,38.0,5.8,,1016.4,,3.0
2024-01-03 00:00:00,6.0,5.0,93.0,0.0,,40.0,6.0,,1018.0,,5.0
2024-01-03 01:00:00,6.0,5.0,93.0,0.0,,40.0,7.0,,1018.0,,5.0
2024-01-03 02:00:00,6.0,6.0,100.0,0.0,,30.0,6.0,,1019.0,,5.0
2024-01-03 03:00:00,10.0,9.1,94.0,0.0,,40.0,6.0,,1020.0,,5.0
2024-01-03 04:00:00,12.0,9.0,82.0,0.0,,290.0,6.0,,1021.0,,5.0
2024-01-03 05:00:00,14.0,9.0,72.0,0.0,,270.0,6.0,,1020.0,,5.0
2024-01-03 06:00:00,16.0,9.0,63.0,0.0,,230.0,6.0,,1020.0,,5.0
2024-01-03 07:00:00,19.0,6.1,43.0,0.0,,260.0,9.0,,1019.0,,5.0
2024-01-03 08:00:00,20.0,6.0,40.0,0.0,,250.0,6.0,,1017.0,,5.0
2024-01-03 09:00:00,20.0,4.9,37.0,0.0,,210.0,7.0,,1017.0,,5.0
2024-01-03 10:00:00,19.0,4.0,37.0,0.0,,230.0,6.0,,1017.0,,5.0
2024-01-03 11:00:00,16.0,8.0,59.0,0.0,,140.0,7.0,,1017.0,,5.0
2024-01-03 12:00:00,13.0,8.1,72.0,0.0,,80.0,6.0,,1017.0,,5.0
2024-01-03 13:00:00,11.0,10.1,94.0,0.0,,50.0,6.0,,1017.0,,5.0
2024-01-03 14:00:00,9.0,9.0,100.0,0.0,,50.0,6.0,,1018.0,,5.0
2024-01-03 15:00:00,9.0,8.1,94.0,0.0,,50.0,6.0,,1018.0,,5.0
2024-01-03 16:00:00,10.4,7.3,81.0,0.0,,50.0,4.0,,1017.3,,1.0
2024-01-03 17:00:00,9.3,5.7,78.0,0.0,,41.0,5.0,,1017.2,,1.0
2024-01-03 18:00:00,8.4,4.2,75.0,0.0,,30.0,7.2,,1017.0,,1.0
2024-01-03 19:00:00,9.1,2.9,65.0,0.0,,28.0,6.5,,1017.0,,1.0
2024-01-03 20:00:00,10.5,1.8,55.0,0.0,,31.0,5.8,,1017.2,,1.0
2024-01-03 21:00:00,10.1,2.9,61.0,0.0,,30.0,5.8,,1017.2,,1.0
2024-01-03 22:00:00,10.5,4.4,66.0,0.0,,34.0,5.0,,1017.2,,1.0
2024-01-03 23:00:00,9.4,1.8,59.0,0.0,,67.0,6.1,,1016.3,,1.0
2024-01-04 00:00:00,5.0,5.0,100.0,0.0,,50.0,6.0,,1018.0,,5.0
2024-01-04 01:00:00,5.0,4.0,93.0,0.0,,20.0,6.0,,1018.0,,5.0
2024-01-04 02:00:00,5.0,5.0,100.0,0.0,,10.0,7.0,,1019.0,,5.0
2024-01-04 03:00:00,10.0,5.0,71.0,0.0,,30.0,7.0,,1021.0,,5.0
2024-01-04 04:00:00,13.0,3.9,54.0,0.0,,10.0,6.0,,1021.0,,5.0
2024-01-04 05:00:00,15.0,1.8,41.0,0.0,,300.0,6.0,,1021.0,,5.0
2024-01-04 06:00:00,17.0,2.9,39.0,0.0,,220.0,6.0,,1020.0,,5.0
2024-01-04 07:00:00,18.0,4.2,40.0,0.0,,190.0,6.0,,1019.0,,5.0
2024-01-04 08:00:00,20.0,3.2,33.0,0.0,,240.0,6.0,,1018.0,,5.0
2024-01-04 09:00:00,20.0,4.9,37.0,0.0,,210.0,7.0,,1017.0,,5.0
2024-01-04 10:00:00,19.0,7.1,46.0,0.0,,200.0,7.0,,1016.0,,5.0
2024-01-04 11:00:00,17.0,7.9,55.0,0.0,,140.0,7.0,,1016.0,,5.0
2024-01-04 12:00:00,14.0,7.1,63.0,0.0,,80.0,6.0,,1017.0,,5.0
2024-01-04 13:00:00,13.0,8.1,72.0,0.0,,60.0,6.0,,1017.0,,5.0
2024-01-04 14:00:00,10.0,10.0,100.0,0.0,,40.0,6.0,,1017.0,,5.0
2024-01-04 15:00:00,10.0,9.1,94.0,0.0,,50.0,6.0,,1018.0,,5.0
2024-01-04 16:00:00,10.2,7.6,84.0,0.0,,44.0,5.0,,1017.2,,1.0
2024-01-04 17:00:00,9.6,6.5,81.0,0.0,,43.0,5.0,,1017.2,,1.0
2024-01-04 18:00:00,10.6,6.0,73.0,0.0,,41.0,5.8,,1017.0,,1.0
2024-01-04 19:00:00,10.2,3.0,61.0,0.0,,40.0,7.2,,1016.0,,1.0
2024-01-04 20:00:00,10.8,1.9,54.0,0.0,,41.0,7.6,,1016.0,,1.0
2024-01-04 21:00:00,11.8,1.7,50.0,0.0,,42.0,7.2,,1016.3,,1.0
2024-01-04 22:00:00,13.0,1.6,46.0,0.0,,41.0,6.5,,1016.3,,1.0
2024-01-04 23:00:00,12.9,1.9,47.0,0.0,,44.0,5.4,,1016.3,,1.0
2024-01-05 00:00:00,6.0,6.0,100.0,0.0,,40.0,6.0,,1017.0,,5.0
2024-01-05 01:00:00,5.0,5.0,100.0,0.0,,30.0,6.0,,1018.0,,5.0
2024-01-05 02:00:00,6.0,6.0,100.0,0.0,,40.0,6.0,,1019.0,,5.0
2024-01-05 03:00:00,7.0,7.0,100.0,0.0,,50.0,6.0,,1019.0,,5.0
2024-01-05 04:00:00,12.0,8.1,77.0,0.0,,290.0,6.0,,1020.0,,5.0
2024-01-05 05:00:00,16.0,8.0,59.0,0.0,,240.0,6.0,,1020.0,,5.0
2024-01-05 06:00:00,16.0,7.0,55.0,0.0,,240.0,6.0,,1019.0,,5.0
2024-01-05 07:00:00,19.0,5.1,40.0,0.0,,240.0,7.0,,1018.0,,5.0
2024-01-05 08:00:00,19.0,7.1,46.0,0.0,,190.0,9.0,,1017.0,,5.0
2024-01-05 09:00:00,19.0,5.1,40.0,0.0,,190.0,9.0,,1017.0,,5.0
2024-01-05 10:00:00,16.0,9.0,63.0,0.0,,160.0,9.0,,1017.0,,5.0
2024-01-05 11:00:00,15.0,8.9,67.0,0.0,,160.0,9.0,,1017.0,,5.0
2024-01-05 12:00:00,12.0,9.0,82.0,0.0,,120.0,7.0,,1018.0,,5.0
2024-01-05 13:00:00,11.0,9.1,88.0,0.0,,150.0,6.0,,1018.0,,5.0
2024-01-05 14:00:00,10.0,9.1,94.0,0.0,,90.0,7.0,,1019.0,,5.0
2024-01-05 15:00:00,9.2,7.1,87.0,0.0,,45.0,5.4,,1018.5,,2.0
2024-01-05 16:00:00,8.7,7.2,90.0,0.0,,25.0,6.5,,1019.1,,1.0
2024-01-05 17:00:00,8.9,6.0,82.0,0.0,,28.0,6.1,,1019.3,,2.0
2024-01-05 18:00:00,9.1,4.7,74.0,0.0,,31.0,7.2,,1019.2,,1.0
2024-01-05 19:00:00,8.5,3.1,69.0,0.0,,39.0,6.1,,1019.1,,1.0
2024-01-05 20:00:00,8.4,2.4,66.0,0.0,,47.0,6.8,,1018.9,,1.0
2024-01-05 21:00:00,8.2,2.6,68.0,0.0,,75.0,6.8,,1018.0,,1.0
2024-01-05 22:00:00,9.1,1.5,59.0,0.0,,42.0,6.5,,1018.2,,1.0
2024-01-05 23:00:00,8.1,1.3,62.0,0.0,,31.0,5.8,,1018.2,,2.0
2024-01-06 00:00:00,5.0,4.0,93.0,0.0,,60.0,6.0,,1019.0,,5.0
2024-01-06 01:00:00,4.0,4.0,100.0,0.0,,240.0,6.0,,1020.0,,5.0
2024-01-06 02:00:00,4.0,4.0,100.0,0.0,,60.0,6.0,,1020.0,,5.0
2024-01-06 03:00:00,8.0,8.0,100.0,0.0,,330.0,7.0,,1022.0,,5.0
2024-01-06 04:00:00,12.0,8.1,77.0,0.0,,350.0,6.0,,1022.0,,5.0
2024-01-06 05:00:00,14.0,8.0,67.0,0.0,,230.0,6.0,,1022.0,,5.0
2024-01-06 06:00:00,17.0,7.1,52.0,0.0,,220.0,6.0,,1021.0,,5.0
2024-01-06 07:00:00,18.0,7.1,49.0,0.0,,210.0,6.0,,1019.0,,5.0
2024-01-06 08:00:00,19.0,7.1,46.0,0.0,,200.0,6.0,,1019.0,,5.0
2024-01-06 09:00:00,19.0,8.0,49.0,0.0,,170.0,7.0,,1019.0,,5.0
2024-01-06 10:00:00,18.0,8.0,52.0,0.0,,150.0,9.0,,1019.0,,5.0
2024-01-06 11:00:00,16.0,8.0,59.0,0.0,,130.0,7.0,,1019.0,,5.0
2024-01-06 12:00:00,13.0,9.1,77.0,0.0,,80.0,6.0,,1019.0,,5.0
2024-01-06 13:00:00,12.0,9.0,82.0,0.0,,50.0,6.0,,1019.0,,5.0
2024-01-06 14:00:00,10.0,10.0,100.0,0.0,,360.0,6.0,,1020.0,,5.0
2024-01-06 15:00:00,10.0,6.9,81.0,0.0,,38.0,6.1,,1018.8,,1.0
2024-01-06 16:00:00,9.7,6.0,78.0,0.0,,42.0,5.4,,1018.8,,1.0
2024-01-06 17:00:00,8.7,6.1,84.0,0.0,,43.0,5.4,,1019.5,,1.0
2024-01-06 18:00:00,8.3,5.2,81.0,0.0,,47.0,6.1,,1019.5,,1.0
2024-01-06 19:00:00,9.3,4.5,72.0,0.0,,45.0,5.4,,1019.2,,1.0
2024-01-06 20:00:00,11.1,4.1,62.0,0.0,,33.0,5.0,,1019.0,,1.0
2024-01-06 21:00:00,12.3,3.8,56.0,0.0,,33.0,5.4,,1019.0,,1.0
2024-01-06 22:00:00,9.5,3.2,65.0,0.0,,38.0,4.7,,1019.0,,1.0
2024-01-06 23:00:00,8.7,2.9,67.0,0.0,,32.0,6.5,,1018.6,,1.0
2024-01-07 00:00:00,7.0,5.9,93.0,0.0,,30.0,6.0,,1019.0,,5.0
2024-01-07 01:00:00,6.0,6.0,100.0,0.0,,50.0,6.0,,1020.0,,5.0
2024-01-07 02:00:00,6.0,6.0,100.0,0.0,,50.0,6.0,,1021.0,,5.0
2024-01-07 03:00:00,9.0,9.0,100.0,0.0,,30.0,6.0,,1022.0,,5.0
2024-01-07 04:00:00,12.0,9.0,82.0,0.0,,300.0,6.0,,1023.0,,5.0
2024-01-07 05:00:00,15.0,7.1,59.0,0.0,,250.0,6.0,,1023.0,,5.0
2024-01-07 06:00:00,17.0,7.1,52.0,0.0,,230.0,6.0,,1022.0,,5.0
2024-01-07 07:00:00,18.0,7.1,49.0,0.0,,220.0,6.0,,1022.0,,5.0
2024-01-07 08:00:00,19.0,6.1,43.0,0.0,,220.0,7.0,,1020.0,,5.0
2024-01-07 09:00:00,19.0,8.9,52.0,0.0,,170.0,7.0,,1020.0,,5.0
2024-01-07 10:00:00,18.0,9.1,56.0,0.0,,160.0,9.0,,1019.0,,5.0
2024-01-07 11:00:00,15.0,10.0,72.0,0.0,,120.0,9.0,,1019.0,,5.0
2024-01-07 12:00:00,12.0,10.1,88.0,0.0,,120.0,7.0,,1019.0,,5.0
2024-01-07 13:00:00,11.0,10.1,94.0,0.0,,60.0,6.0,,1020.0,,5.0
2024-01-07 14:00:00,10.0,10.0,100.0,0.0,,20.0,6.0,,1020.0,,5.0
2024-01-07 15:00:00,9.0,9.0,100.0,0.0,,40.0,6.0,,1020.0,,5.0
2024-01-07 16:00:00,11.6,9.5,87.0,0.0,,38.0,4.7,,1019.6,,1.0
2024-01-07 17:00:00,11.3,9.0,86.0,0.0,,32.0,4.7,,1019.8,,1.0
2024-01-07 18:00:00,8.8,7.2,90.0,0.0,,30.0,5.0,,1019.5,,1.0
2024-01-07 19:00:00,9.0,6.8,86.0,0.0,,33.0,6.5,,1019.3,,1.0
2024-01-07 20:00:00,9.3,6.4,82.0,0.0,,22.0,7.2,,1019.1,,1.0
2024-01-07 21:00:00,9.0,5.7,80.0,0.0,,22.0,7.6,,1018.6,,1.0
2024-01-07 22:00:00,9.1,4.7,74.0,0.0,,37.0,7.6,,1018.5,,1.0
2024-01-07 23:00:00,10.0,4.4,68.0,0.0,,59.0,4.7,,1018.8,,1.0
2024-01-08 00:00:00,6.0,6.0,100.0,0.0,,40.0,6.0,,1020.0,,5.0
2024-01-08 01:00:00,6.0,6.0,100.0,0.0,,50.0,6.0,,1021.0,,5.0
2024-01-08 02:00:00,6.0,6.0,100.0,0.0,,20.0,6.0,,1022.0,,5.0
2024-01-08 03:00:00,8.0,8.0,100.0,0.0,,320.0,6.0,,1023.0,,5.0
2024-01-08 04:00:00,12.0,10.1,88.0,0.0,,250.0,6.0,,1023.0,,5.0
2024-01-08 05:00:00,15.0,8.0,63.0,0.0,,210.0,6.0,,1023.0,,5.0
2024-01-08 06:00:00,16.0,8.0,59.0,0.0,,300.0,6.0,,1023.0,,5.0
2024-01-08 07:00:00,19.0,8.0,49.0,0.0,,210.0,6.0,,1021.0,,5.0
2024-01-08 08:00:00,20.0,8.0,46.0,0.0,,200.0,6.0,,1020.0,,5.0
2024-01-08 09:00:00,20.0,8.0,46.0,0.0,,160.0,7.0,,1020.0,,5.0
2024-01-08 10:00:00,19.0,6.1,43.0,0.0,,190.0,9.0,,1019.0,,5.0
2024-01-08 11:00:00,18.0,7.1,49.0,0.0,,150.0,6.0,,1019.0,,5.0
2024-01-08 12:00:00,14.0,9.0,72.0,0.0,,30.0,6.0,,1019.0,,5.0
2024-01-08 13:00:00,12.0,10.1,88.0,0.0,,50.0,6.0,,1019.0,,5.0
2024-01-08 14:00:00,11.0,9.1,88.0,0.0,,280.0,6.0,,1019.0,,5.0
2024-01-08 15:00:00,10.0,9.1,94.0,0.0,,40.0,6.0,,1020.0,,5.0
2024-01-08 16:00:00,9.9,7.5,85.0,0.0,,34.0,5.8,,1019.1,,1.0
2024-01-08 17:00:00,10.3,7.5,83.0,0.0,,36.0,6.1,,1019.0,,1.0
2024-01-08 18:00:00,9.1,6.0,81.0,0.0,,38.0,6.8,,1018.8,,1.0
2024-01-08 19:00:00,8.0,0.2,58.0,0.0,,42.0,7.2,,1018.5,,1.0
2024-01-08 20:00:00,8.6,0.6,57.0,0.0,,45.0,6.8,,1018.3,,1.0
2024-01-08 21:00:00,8.3,1.0,60.0,0.0,,47.0,6.8,,1018.3,,1.0
2024-01-08 22:00:00,12.7,0.4,43.0,0.0,,38.0,6.8,,1018.3,,1.0
2024-01-08 23:00:00,5.0,4.0,93.0,0.0,,50.0,6.0,,1020.0,,5.0
2024-01-09 00:00:00,5.0,5.0,100.0,0.0,,50.0,6.0,,1020.0,,5.0
2024-01-09 01:00:00,5.0,5.0,100.0,0.0,,30.0,6.0,,1020.0,,5.0
2024-01-09 02:00:00,5.0,5.0,100.0,0.0,,90.0,6.0,,1020.0,,5.0
2024-01-09 03:00:00,9.0,9.0,100.0,0.0,,340.0,6.0,,1021.0,,5.0
2024-01-09 04:00:00,13.0,8.1,72.0,0.0,,310.0,6.0,,1021.0,,5.0
2024-01-09 05:00:00,16.0,6.1,52.0,0.0,,220.0,7.0,,1021.0,,5.0
2024-01-09 06:00:00,16.0,7.0,55.0,0.0,,140.0,13.0,,1021.0,,5.0
2024-01-09 07:00:00,16.0,6.1,52.0,0.0,,130.0,13.0,,1020.0,,5.0
2024-01-09 08:00:00,16.0,7.0,55.0,0.0,,150.0,11.0,,1020.0,,5.0
2024-01-09 09:00:00,17.0,7.1,52.0,0.0,,150.0,9.0,,1019.0,,5.0
2024-01-09 10:00:00,16.0,8.0,59.0,0.0,,180.0,7.0,,1019.0,,5.0
2024-01-09 11:00:00,16.0,6.1,52.0,0.0,,300.0,6.0,,1019.0,,5.0
2024-01-09 12:00:00,13.0,8.1,72.0,0.0,,20.0,6.0,,1019.0,,5.0
2024-01-09 13:00:00,11.0,9.1,88.0,0.0,,20.0,6.0,,1019.0,,5.0
2024-01-09 14:00:00,9.0,9.0,100.0,0.0,,40.0,6.0,,1020.0,,5.0
2024-01-09 15:00:00,8.0,8.0,100.0,0.0,,40.0,6.0,,1020.0,,5.0
2024-01-09 16:00:00,9.8,2.9,62.0,0.0,,26.0,8.3,,1018.5,,1.0
2024-01-09 17:00:00,8.3,1.7,63.0,0.0,,32.0,8.6,,1018.4,,1.0
2024-01-09 18:00:00,8.2,0.7,59.0,0.0,,35.0,8.3,,1018.2,,1.0
2024-01-09 19:00:00,8.6,0.3,56.0,0.0,,40.0,6.5,,1018.0,,1.0
2024-01-09 20:00:00,9.1,0.3,54.0,0.0,,42.0,6.8,,1017.9,,1.0
2024-01-09 21:00:00,7.8,0.3,59.0,0.0,,43.0,6.5,,1017.5,,1.0
2024-01-09 22:00:00,7.7,0.2,59.0,0.0,,45.0,6.1,,1017.3,,1.0
2024-01-09 23:00:00,7.7,0.0,58.0,0.0,,42.0,6.1,,1017.1,,1.0
2024-01-10 00:00:00,6.0,5.0,93.0,0.0,,10.0,6.0,,1018.0,,5.0
2024-01-10 01:00:00,5.0,4.0,93.0,0.0,,20.0,7.0,,1019.0,,5.0
2024-01-10 02:00:00,5.0,5.0,100.0,0.0,,320.0,6.0,,1019.0,,5.0
2024-01-10 03:00:00,7.0,7.0,100.0,0.0,,340.0,6.0,,1019.0,,5.0
2024-01-10 04:00:00,11.0,8.0,82.0,0.0,,230.0,6.0,,1020.0,,5.0
2024-01-10 05:00:00,14.0,6.1,59.0,0.0,,230.0,6.0,,1019.0,,5.0
2024-01-10 06:00:00,16.0,6.1,52.0,0.0,,210.0,6.0,,1018.0,,5.0
2024-01-10 07:00:00,17.0,7.9,55.0,0.0,,180.0,9.0,,1017.0,,5.0
2024-01-10 08:00:00,16.0,8.0,59.0,0.0,,170.0,9.0,,1016.0,,5.0
2024-01-10 09:00:00,16.0,8.0,59.0,0.0,,180.0,9.0,,1016.0,,5.0
2024-01-10 10:00:00,15.0,8.9,67.0,0.0,,160.0,9.0,,1015.0,,5.0
2024-01-10 11:00:00,13.0,9.1,77.0,0.0,,130.0,9.0,,1015.0,,5.0
2024-01-10 12:00:00,10.0,9.1,94.0,0.0,,120.0,7.0,,1015.0,,5.0
2024-01-10 13:00:00,8.0,8.0,100.0,0.0,,120.0,7.0,,1016.0,,5.0
2024-01-10 14:00:00,8.0,8.0,100.0,0.0,,100.0,7.0,,1016.0,,5.0
2024-01-10 15:00:00,12.1,9.3,83.0,0.0,,32.0,6.5,,1016.4,,1.0
2024-01-10 16:00:00,11.8,7.9,77.0,0.0,,71.0,6.1,,1016.7,,1.0
2024-01-10 17:00:00,11.1,6.8,75.0,0.0,,71.0,6.1,,1016.8,,1.0
2024-01-10 18:00:00,8.3,4.7,78.0,0.0,,57.0,6.1,,1016.5,,1.0
2024-01-10 19:00:00,7.0,3.6,79.0,0.0,,46.0,5.4,,1016.3,,1.0
2024-01-10 20:00:00,6.8,2.9,76.0,0.0,,37.0,4.7,,1016.1,,1.0
2024-01-10 21:00:00,6.7,2.4,74.0,0.0,,37.0,5.0,,1016.1,,1.0
2024-01-10 22:00:00,7.6,1.7,66.0,0.0,,40.0,5.8,,1015.9,,1.0
2024-01-10 23:00:00,7.3,1.2,65.0,0.0,,42.0,4.3,,1016.0,,1.0
2024-01-11 00:00:00,7.0,7.0,100.0,0.0,,180.0,6.0,,1018.0,,5.0
2024-01-11 01:00:00,7.0,7.0,100.0,0.0,,300.0,6.0,,1019.0,,5.0
2024-01-11 02:00:00,8.0,6.9,93.0,0.0,,20.0,6.0,,1020.0,,5.0
2024-01-11 03:00:00,8.0,8.0,100.0,0.0,,50.0,6.0,,1021.0,,5.0
2024-01-11 04:00:00,9.0,9.0,100.0,0.0,,20.0,6.0,,1021.0,,5.0
2024-01-11 05:00:00,9.0,8.1,94.0,0.0,,230.0,6.0,,1021.0,,5.0
2024-01-11 06:00:00,12.0,8.1,77.0,0.0,,270.0,6.0,,1021.0,,5.0
2024-01-11 07:00:00,14.0,8.0,67.0,0.0,,240.0,6.0,,1020.0,,5.0
2024-01-11 08:00:00,15.0,7.1,59.0,0.0,,220.0,6.0,,1019.0,,5.0
2024-01-11 09:00:00,17.0,7.9,55.0,0.0,,220.0,6.0,,1018.0,,5.0
2024-01-11 10:00:00,15.0,8.9,67.0,0.0,,170.0,9.0,,1017.0,,5.0
2024-01-11 11:00:00,13.0,8.1,72.0,0.0,,130.0,7.0,,1017.0,,5.0
2024-01-11 12:00:00,11.0,9.1,88.0,0.0,,120.0,9.0,,1017.0,,5.0
2024-01-11 13:00:00,10.0,10.0,100.0,0.0,,120.0,9.0,,1017.0,,5.0
2024-01-11 14:00:00,8.0,8.0,100.0,0.0,,40.0,6.0,,1018.0,,5.0
2024-01-11 15:00:00,7.0,7.0,100.0,0.0,,10.0,6.0,,1018.0,,5.0
2024-01-11 16:00:00,7.0,7.0,100.0,0.0,,20.0,6.0,,1018.0,,5.0
2024-01-11 17:00:00,11.4,9.1,86.0,0.0,,33.0,4.7,,1017.6,,1.0
2024-01-11 18:00:00,10.2,7.8,85.0,0.0,,28.0,4.3,,1017.1,,1.0
2024-01-11 19:00:00,9.1,6.5,84.0,0.0,,31.0,5.8,,1017.0,,1.0
2024-01-11 20:00:00,10.3,6.6,78.0,0.0,,29.0,5.0,,1016.8,,1.0
2024-01-11 21:00:00,11.5,6.4,71.0,0.0,,52.0,5.0,,1016.0,,1.0
2024-01-11 22:00:00,11.4,5.5,67.0,0.0,,67.0,6.5,,1014.9,,1.0
2024-01-11 23:00:00,8.1,3.9,75.0,0.0,,52.0,4.3,,1014.9,,1.0
2024-01-12 00:00:00,6.0,6.0,100.0,0.0,,20.0,6.0,,1017.0,,5.0
2024-01-12 01:00:00,6.0,6.0,100.0,0.0,,70.0,6.0,,1018.0,,5.0
2024-01-12 02:00:00,6.0,6.0,100.0,0.0,,50.0,6.0,,1018.0,,5.0
2024-01-12 03:00:00,6.0,6.0,100.0,0.0,,340.0,6.0,,1018.0,,5.0
2024-01-12 04:00:00,7.0,7.0,100.0,0.0,,90.0,6.0,,1020.0,,5.0
2024-01-12 05:00:00,7.0,7.0,100.0,0.0,,150.0,6.0,,1020.0,,5.0
2024-01-12 06:00:00,8.0,8.0,100.0,0.0,,200.0,6.0,,1019.0,,5.0
2024-01-12 07:00:00,8.0,8.0,100.0,0.0,,180.0,7.0,,1019.0,,5.0
2024-01-12 08:00:00,8.0,8.0,100.0,0.0,,170.0,6.0,,1018.0,,5.0
2024-01-12 09:00:00,9.0,8.1,94.0,0.0,,140.0,6.0,,1018.0,,5.0
2024-01-12 10:00:00,8.0,8.0,100.0,0.0,,200.0,6.0,,1017.0,,5.0
2024-01-12 11:00:00,8.0,8.0,100.0,0.0,,230.0,6.0,,1017.0,,5.0
2024-01-12 12:00:00,8.0,8.0,100.0,0.0,,170.0,6.0,,1018.0,,5.0
2024-01-12 13:00:00,8.0,6.9,93.0,0.0,,60.0,6.0,,1018.0,,5.0
2024-01-12 14:00:00,7.0,7.0,100.0,0.0,,280.0,6.0,,1018.0,,5.0
2024-01-12 15:00:00,7.0,7.0,100.0,0.0,,340.0,6.0,,1018.0,,5.0
2024-01-12 16:00:00,7.0,7.0,100.0,0.0,,270.0,6.0,,1018.0,,5.0
2024-01-12 17:00:00,8.4,7.2,92.0,0.0,,335.0,7.6,,1017.8,,3.0
2024-01-12 18:00:00,8.9,7.3,90.0,0.0,,355.0,7.2,,1017.2,,3.0
2024-01-12 19:00:00,11.3,8.2,81.0,0.0,,58.0,4.7,,1016.7,,3.0
2024-01-12 20:00:00,11.1,8.0,81.0,0.0,,64.0,4.3,,1016.2,,3.0
2024-01-12 21:00:00,11.5,7.6,77.0,0.0,,4.0,6.1,,1016.2,,3.0
2024-01-12 22:00:00,11.6,7.1,74.0,0.0,,13.0,5.8,,1015.9,,3.0
2024-01-12 23:00:00,11.4,6.7,73.0,0.0,,16.0,4.3,,1015.8,,3.0
2024-01-13 00:00:00,6.0,6.0,100.0,0.0,,10.0,6.0,,1017.0,,5.0
2024-01-13 01:00:00,6.0,5.0,93.0,0.0,,140.0,6.0,,1017.0,,5.0
2024-01-13 02:00:00,5.0,5.0,100.0,0.0,,50.0,6.0,,1018.0,,5.0
2024-01-13 03:00:00,6.0,6.0,100.0,0.0,,30.0,6.0,,1019.0,,5.0
2024-01-13 04:00:00,10.0,9.1,94.0,0.0,,320.0,6.0,,1019.0,,5.0
2024-01-13 05:00:00,12.0,9.0,82.0,0.0,,300.0,6.0,,1019.0,,5.0
2024-01-13 06:00:00,14.0,7.1,63.0,0.0,,210.0,6.0,,1019.0,,5.0
2024-01-13 07:00:00,16.0,6.1,52.0,0.0,,250.0,6.0,,1018.0,,5.0
2024-01-13 08:00:00,17.0,5.9,48.0,0.0,,240.0,7.0,,1017.0,,5.0
2024-01-13 09:00:00,18.0,7.1,49.0,0.0,,210.0,7.0,,1017.0,,5.0
2024-01-13 10:00:00,16.0,8.0,59.0,0.0,,140.0,9.0,,1017.0,,5.0
2024-01-13 11:00:00,15.0,8.9,67.0,0.0,,100.0,6.0,,1017.0,,5.0
2024-01-13 12:00:00,12.0,10.1,88.0,0.0,,30.0,6.0,,1017.0,,5.0
2024-01-13 13:00:00,10.0,10.0,100.0,0.0,,30.0,6.0,,1017.0,,5.0
2024-01-13 14:00:00,9.0,8.1,94.0,0.0,,40.0,6.0,,1017.0,,5.0
2024-01-13 15:00:00,8.0,8.0,100.0,0.0,,20.0,6.0,,1017.0,,5.0
2024-01-13 16:00:00,12.7,9.0,78.0,0.0,,29.0,5.0,,1017.5,,1.0
2024-01-13 17:00:00,13.3,8.4,72.0,0.0,,32.0,4.7,,1017.5,,1.0
2024-01-13 18:00:00,13.3,7.5,68.0,0.0,,17.0,5.4,,1017.1,,1.0
2024-01-13 19:00:00,13.5,6.4,62.0,0.0,,11.0,5.4,,1017.0,,1.0
2024-01-13 20:00:00,13.6,5.2,57.0,0.0,,30.0,5.0,,1016.8,,1.0
2024-01-13 21:00:00,13.5,3.8,52.0,0.0,,42.0,4.3,,1016.3,,1.0
2024-01-13 22:00:00,13.5,2.7,48.0,0.0,,30.0,5.0,,1015.6,,1.0
2024-01-13 23:00:00,13.3,2.2,47.0,0.0,,22.0,5.8,,1015.1,,1.0
2024-01-14 00:00:00,6.0,6.0,100.0,0.0,,40.0,7.0,,1016.0,,5.0
2024-01-14 01:00:00,6.0,5.0,93.0,0.0,,30.0,7.0,,1017.0,,5.0
2024-01-14 02:00:00,5.0,5.0,100.0,0.0,,20.0,6.0,,1018.0,,5.0
2024-01-14 03:00:00,8.0,8.0,100.0,0.0,,10.0,7.0,,1019.0,,5.0
2024-01-14 04:00:00,12.0,6.1,67.0,0.0,,310.0,6.0,,1019.0,,5.0
2024-01-14 05:00:00,15.0,4.1,48.0,0.0,,300.0,6.0,,1020.0,,5.0
2024-01-14 06:00:00,16.0,6.1,52.0,0.0,,260.0,6.0,,1019.0,,5.0
2024-01-14 07:00:00,19.0,4.0,37.0,0.0,,240.0,9.0,,1017.0,,5.0
2024-01-14 08:00:00,20.0,4.1,35.0,0.0,,270.0,7.0,,1017.0,,5.0
2024-01-14 09:00:00,21.0,4.1,33.0,0.0,,240.0,6.0,,1017.0,,5.0
2024-01-14 10:00:00,20.0,7.0,43.0,0.0,,180.0,7.0,,1016.0,,5.0
2024-01-14 11:00:00,18.0,5.9,45.0,0.0,,140.0,7.0,,1016.0,,5.0
2024-01-14 12:00:00,15.0,7.1,59.0,0.0,,90.0,7.0,,1017.0,,5.0
2024-01-14 13:00:00,12.0,9.0,82.0,0.0,,70.0,6.0,,1018.0,,5.0
2024-01-14 14:00:00,11.0,8.0,82.0,0.0,,80.0,6.0,,1018.0,,5.0
2024-01-14 15:00:00,10.0,9.1,94.0,0.0,,70.0,6.0,,1019.0,,5.0
2024-01-14 16:00:00,9.0,9.0,100.0,0.0,,40.0,6.0,,1019.0,,5.0
2024-01-14 17:00:00,12.8,9.1,78.0,0.0,,56.0,5.4,,1017.8,,1.0
2024-01-14 18:00:00,12.6,8.7,77.0,0.0,,48.0,4.3,,1017.6,,1.0
2024-01-14 19:00:00,9.1,6.5,84.0,0.0,,44.0,5.0,,1017.1,,1.0
2024-01-14 20:00:00,8.0,5.6,85.0,0.0,,48.0,5.8,,1016.5,,1.0
2024-01-14 21:00:00,8.0,5.1,82.0,0.0,,46.0,6.1,,1016.0,,1.0
2024-01-14 22:00:00,12.0,5.6,65.0,0.0,,27.0,6.1,,1015.2,,1.0
2024-01-14 23:00:00,12.6,6.0,64.0,0.0,,24.0,6.8,,1014.8,,1.0
2024-01-15 00:00:00,7.0,5.9,93.0,0.0,,10.0,7.0,,1016.0,,5.0
2024-01-15 01:00:00,7.0,7.0,100.0,0.0,,50.0,7.0,,1017.0,,5.0
2024-01-15 02:00:00,6.0,6.0,100.0,0.0,,30.0,6.0,,1017.0,,5.0
2024-01-15 03:00:00,7.0,5.9,93.0,0.0,,30.0,6.0,,1017.0,,5.0
2024-01-15 04:00:00,12.0,7.1,72.0,0.0,,320.0,6.0,,1019.0,,5.0
2024-01-15 05:00:00,15.9,9.6,66.0,0.0,,203.0,5.0,,1017.5,,1.0
2024-01-15 06:00:00,16.9,9.8,63.0,0.0,,208.0,6.8,,1017.2,,1.0
2024-01-15 07:00:00,18.0,5.9,45.0,0.0,,210.0,6.0,,1017.0,,5.0
2024-01-15 08:00:00,17.7,8.5,55.0,0.0,,213.0,7.2,,1015.5,,1.0
2024-01-15 09:00:00,20.0,6.0,40.0,0.0,,160.0,7.0,,1015.0,,5.0
2024-01-15 10:00:00,18.0,7.1,49.0,0.0,,150.0,9.0,,1015.0,,5.0
2024-01-15 11:00:00,16.0,9.0,63.0,0.0,,140.0,7.0,,1015.0,,5.0
2024-01-15 12:00:00,14.0,8.0,67.0,0.0,,100.0,6.0,,1015.0,,5.0
2024-01-15 13:00:00,11.0,10.1,94.0,0.0,,110.0,6.0,,1017.0,,5.0
2024-01-15 14:00:00,9.0,9.0,100.0,0.0,,60.0,6.0,,1017.0,,5.0
2024-01-15 15:00:00,12.7,7.2,69.0,0.0,,23.0,4.3,,1016.9,,1.0
2024-01-15 16:00:00,12.5,6.1,65.0,0.0,,34.0,5.0,,1017.2,,1.0
2024-01-15 17:00:00,12.6,5.3,61.0,0.0,,46.0,4.7,,1016.9,,1.0
2024-01-15 18:00:00,12.9,4.8,58.0,0.0,,49.0,4.7,,1016.4,,1.0
2024-01-15 19:00:00,10.5,4.2,65.0,0.0,,36.0,5.8,,1015.9,,1.0
2024-01-15 20:00:00,10.1,3.6,64.0,0.0,,30.0,6.8,,1015.2,,1.0
2024-01-15 21:00:00,11.3,3.1,57.0,0.0,,30.0,7.2,,1014.6,,1.0
2024-01-15 22:00:00,12.4,2.5,51.0,0.0,,37.0,6.8,,1013.9,,1.0
2024-01-15 23:00:00,13.1,2.3,48.0,0.0,,43.0,7.2,,1013.5,,1.0
2024-01-16 00:00:00,6.0,5.0,93.0,0.0,,50.0,7.0,,1015.0,,5.0
2024-01-16 01:00:00,6.0,5.0,93.0,0.0,,40.0,7.0,,1015.0,,5.0
2024-01-16 02:00:00,6.0,6.0,100.0,0.0,,40.0,6.0,,1016.0,,5.0
2024-01-16 03:00:00,9.0,8.1,94.0,0.0,,20.0,6.0,,1016.0,,5.0
2024-01-16 04:00:00,12.0,8.1,77.0,0.0,,230.0,6.0,,1017.0,,5.0
2024-01-16 05:00:00,15.0,4.9,51.0,0.0,,220.0,6.0,,1017.0,,5.0
2024-01-16 06:00:00,18.0,4.2,40.0,0.0,,220.0,6.0,,1016.0,,5.0
2024-01-16 07:00:00,19.0,6.1,43.0,0.0,,210.0,6.0,,1015.0,,5.0
2024-01-16 08:00:00,19.0,4.0,37.0,0.0,,160.0,9.0,,1015.0,,5.0
2024-01-16 09:00:00,19.0,4.0,37.0,0.0,,180.0,6.0,,1014.0,,5.0
2024-01-16 10:00:00,18.0,1.9,34.0,0.0,,170.0,11.0,,1014.0,,5.0
2024-01-16 11:00:00,17.0,2.2,37.0,0.0,,140.0,7.0,,1014.0,,5.0
2024-01-16 12:00:00,14.0,4.0,51.0,0.0,,60.0,6.0,,1015.0,,5.0
2024-01-16 13:00:00,10.0,6.0,76.0,0.0,,50.0,6.0,,1015.0,,5.0
2024-01-16 14:00:00,9.0,6.1,82.0,0.0,,40.0,6.0,,1016.0,,5.0
2024-01-16 15:00:00,8.0,6.9,93.0,0.0,,30.0,6.0,,1016.0,,5.0
2024-01-16 16:00:00,7.0,7.0,100.0,0.0,,40.0,6.0,,1016.0,,5.0
2024-01-16 17:00:00,12.9,5.3,60.0,0.0,,52.0,4.3,,1015.3,,1.0
2024-01-16 18:00:00,12.0,4.9,62.0,0.0,,55.0,5.0,,1015.0,,1.0
2024-01-16 19:00:00,11.1,4.5,64.0,0.0,,53.0,4.7,,1014.4,,1.0
2024-01-16 20:00:00,11.1,4.1,62.0,0.0,,51.0,4.7,,1014.5,,1.0
2024-01-16 21:00:00,10.8,3.8,62.0,0.0,,43.0,6.1,,1014.1,,1.0
2024-01-16 22:00:00,11.2,3.5,59.0,0.0,,38.0,6.5,,1013.4,,1.0
2024-01-16 23:00:00,12.8,2.9,51.0,0.0,,42.0,5.8,,1013.1,,1.0
2024-01-17 00:00:00,6.0,6.0,100.0,0.0,,40.0,7.0,,1015.0,,5.0
2024-01-17 01:00:00,6.0,6.0,100.0,0.0,,50.0,6.0,,1015.0,,5.0
2024-01-17 02:00:00,11.6,2.6,54.0,0.0,,58.0,6.8,,1014.9,,1.0
2024-01-17 03:00:00,11.6,6.1,69.0,0.0,,60.0,7.6,,1015.5,,1.0
2024-01-17 04:00:00,13.7,6.8,63.0,0.0,,191.0,4.3,,1016.1,,1.0
2024-01-17 05:00:00,16.0,7.0,55.0,0.0,,260.0,6.0,,1017.0,,5.0
2024-01-17 06:00:00,16.3,9.0,62.0,0.0,,229.0,7.9,,1016.1,,1.0
2024-01-17 07:00:00,19.0,4.0,37.0,0.0,,200.0,6.0,,1015.0,,5.0
2024-01-17 08:00:00,20.0,6.0,40.0,0.0,,230.0,11.0,,1015.0,,5.0
2024-01-17 09:00:00,19.0,7.1,46.0,0.0,,160.0,11.0,,1014.0,,5.0
2024-01-17 10:00:00,18.0,7.1,49.0,0.0,,140.0,11.0,,1015.0,,5.0
2024-01-17 11:00:00,16.0,5.0,48.0,0.0,,130.0,7.0,,1015.0,,5.0
2024-01-17 12:00:00,15.0,4.9,51.0,0.0,,120.0,7.0,,1015.0,,5.0
2024-01-17 13:00:00,11.0,6.9,76.0,0.0,,50.0,6.0,,1016.0,,5.0
2024-01-17 14:00:00,10.0,7.9,87.0,0.0,,40.0,6.0,,1017.0,,5.0
2024-01-17 15:00:00,9.0,8.1,94.0,0.0,,40.0,6.0,,1017.0,,5.0
2024-01-17 16:00:00,10.4,8.0,85.0,0.0,,23.0,4.7,,1017.0,,1.0
2024-01-17 17:00:00,10.8,7.8,82.0,0.0,,19.0,4.7,,1017.2,,1.0
2024-01-17 18:00:00,9.7,6.8,82.0,0.0,,29.0,5.0,,1017.3,,1.0
2024-01-17 19:00:00,10.3,6.6,78.0,0.0,,37.0,5.4,,1017.0,,1.0
2024-01-17 20:00:00,9.7,5.9,77.0,0.0,,44.0,5.4,,1016.5,,1.0
2024-01-17 21:00:00,9.7,5.3,74.0,0.0,,42.0,5.4,,1016.4,,1.0
2024-01-17 22:00:00,10.4,5.4,71.0,0.0,,39.0,5.8,,1016.1,,1.0
2024-01-17 23:00:00,10.3,5.1,70.0,0.0,,45.0,5.8,,1015.9,,1.0
2024-01-18 00:00:00,6.0,6.0,100.0,0.0,,20.0,6.0,,1017.0,,5.0
2024-01-18 01:00:00,7.0,5.9,93.0,0.0,,20.0,7.0,,1017.0,,5.0
2024-01-18 02:00:00,6.0,6.0,100.0,0.0,,40.0,6.0,,1017.0,,5.0
2024-01-18 03:00:00,10.0,10.0,100.0,0.0,,360.0,6.0,,1018.0,,5.0
2024-01-18 04:00:00,13.0,8.1,72.0,0.0,,300.0,6.0,,1019.0,,5.0
2024-01-18 05:00:00,16.0,7.0,55.0,0.0,,260.0,6.0,,1018.0,,5.0
2024-01-18 06:00:00,17.0,7.1,52.0,0.0,,200.0,6.0,,1018.0,,5.0
2024-01-18 07:00:00,18.0,5.9,45.0,0.0,,230.0,6.0,,1017.0,,5.0
2024-01-18 08:00:00,19.0,8.0,49.0,0.0,,170.0,11.0,,1016.0,,5.0
2024-01-18 09:00:00,18.0,8.0,52.0,0.0,,160.0,9.0,,1015.0,,5.0
2024-01-18 10:00:00,18.0,7.1,49.0,0.0,,130.0,9.0,,1015.0,,5.0
2024-01-18 11:00:00,14.0,8.0,67.0,0.0,,130.0,11.0,,1016.0,,5.0
2024-01-18 12:00:00,11.0,9.1,88.0,0.0,,90.0,6.0,,1017.0,,5.0
2024-01-18 13:00:00,9.0,9.0,100.0,0.0,,110.0,7.0,,1017.0,,5.0
2024-01-18 14:00:00,8.0,8.0,100.0,0.0,,110.0,6.0,,1018.0,,5.0
2024-01-18 15:00:00,8.0,8.0,100.0,0.0,,150.0,6.0,,1018.0,,5.0
2024-01-18 16:00:00,9.3,8.5,95.0,0.0,,39.0,6.1,,1018.1,,1.0
2024-01-18 17:00:00,9.5,8.1,91.0,0.0,,39.0,5.8,,1018.4,,1.0
2024-01-18 18:00:00,8.4,7.2,92.0,0.0,,41.0,5.4,,1018.1,,2.0
2024-01-18 19:00:00,7.8,6.4,91.0,0.0,,45.0,6.1,,1017.6,,1.0
2024-01-18 20:00:00,8.9,7.0,88.0,0.0,,45.0,6.5,,1017.7,,1.0
2024-01-18 21:00:00,8.4,5.9,84.0,0.0,,44.0,6.8,,1017.2,,3.0
2024-01-18 22:00:00,7.9,4.8,81.0,0.0,,40.0,6.5,,1016.5,,2.0
2024-01-18 23:00:00,7.8,4.2,78.0,0.0,,52.0,6.8,,1015.9,,1.0
2024-01-19 00:00:00,7.0,7.0,100.0,0.0,,220.0,6.0,,1017.0,,5.0
2024-01-19 01:00:00,7.0,7.0,100.0,0.0,,40.0,6.0,,1018.0,,5.0
2024-01-19 02:00:00,7.0,7.0,100.0,0.0,,60.0,6.0,,1019.0,,5.0
2024-01-19 03:00:00,7.0,7.0,100.0,0.0,,40.0,6.0,,1019.0,,5.0
2024-01-19 04:00:00,8.0,6.9,93.0,0.0,,110.0,6.0,,1021.0,,5.0
2024-01-19 05:00:00,8.0,8.0,100.0,0.0,,220.0,6.0,,1021.0,,5.0
2024-01-19 06:00:00,8.0,8.0,100.0,0.0,,220.0,6.0,,1021.0,,5.0
2024-01-19 07:00:00,9.0,9.0,100.0,0.0,,200.0,6.0,,1019.0,,5.0
2024-01-19 08:00:00,10.0,10.0,100.0,0.0,,250.0,6.0,,1019.0,,5.0
2024-01-19 09:00:00,10.0,10.0,100.0,0.0,,230.0,6.0,,1018.0,,5.0
2024-01-19 10:00:00,9.0,9.0,100.0,0.0,,330.0,6.0,,1018.0,,5.0
2024-01-19 11:00:00,10.0,9.1,94.0,0.0,,160.0,6.0,,1018.0,,5.0
2024-01-19 12:00:00,9.0,9.0,100.0,0.0,,180.0,7.0,,1018.0,,5.0
2024-01-19 13:00:00,9.0,8.1,94.0,0.0,,190.0,7.0,,1019.0,,5.0
2024-01-19 14:00:00,9.0,8.1,94.0,0.0,,180.0,6.0,,1020.0,,5.0
2024-01-19 15:00:00,11.1,10.0,93.0,0.0,,151.0,4.3,,1019.5,,3.0
2024-01-19 16:00:00,11.1,9.8,92.0,0.0,,151.0,5.4,,1019.3,,3.0
2024-01-19 17:00:00,9.8,8.9,94.0,0.0,,76.0,7.9,,1019.6,,3.0
2024-01-19 18:00:00,7.6,7.0,96.0,0.0,,44.0,6.5,,1019.4,,2.0
2024-01-19 19:00:00,7.1,5.6,90.0,0.0,,30.0,5.8,,1019.2,,5.0
2024-01-19 20:00:00,6.8,5.1,89.0,0.0,,20.0,5.0,,1019.3,,5.0
2024-01-19 21:00:00,8.6,5.2,79.0,0.0,,18.0,4.7,,1019.1,,5.0
2024-01-19 22:00:00,8.9,5.5,79.0,0.0,,8.0,5.0,,1018.6,,5.0
2024-01-19 23:00:00,8.9,5.8,81.0,0.0,,12.0,5.4,,1018.4,,5.0
2024-01-20 00:00:00,7.0,7.0,100.0,0.0,,40.0,6.0,,1018.0,,5.0
2024-01-20 01:00:00,8.0,6.9,93.0,0.0,,80.0,6.0,,1019.0,,5.0
2024-01-20 02:00:00,8.0,6.9,93.0,0.0,,310.0,6.0,,1020.0,,5.0
2024-01-20 03:00:00,8.0,8.0,100.0,0.0,,210.0,6.0,,1020.0,,5.0
2024-01-20 04:00:00,8.0,8.0,100.0,0.0,,320.0,6.0,,1021.0,,5.0
2024-01-20 05:00:00,9.0,7.0,87.0,0.0,,160.0,6.0,,1021.0,,5.0
2024-01-20 06:00:00,11.0,6.9,76.0,0.0,,220.0,6.0,,1020.0,,5.0
2024-01-20 07:00:00,13.0,7.0,67.0,0.0,,260.0,6.0,,1019.0,,5.0
2024-01-20 08:00:00,14.0,7.1,63.0,0.0,,220.0,6.0,,1018.0,,5.0
2024-01-20 09:00:00,15.0,6.0,55.0,0.0,,200.0,7.0,,1018.0,,5.0
2024-01-20 10:00:00,15.0,6.0,55.0,0.0,,200.0,9.0,,1018.0,,5.0
2024-01-20 11:00:00,14.0,8.0,67.0,0.0,,140.0,9.0,,1018.0,,5.0
2024-01-20 12:00:00,11.0,8.0,82.0,0.0,,130.0,6.0,,1018.0,,5.0
2024-01-20 13:00:00,10.0,9.1,94.0,0.0,,130.0,6.0,,1019.0,,5.0
2024-01-20 14:00:00,8.0,8.0,100.0,0.0,,40.0,6.0,,1019.0,,5.0
2024-01-20 15:00:00,7.0,7.0,100.0,0.0,,20.0,6.0,,1020.0,,5.0
2024-01-20 16:00:00,9.6,7.2,85.0,0.0,,18.0,6.1,,1019.0,,1.0
2024-01-20 17:00:00,7.9,5.9,87.0,0.0,,18.0,5.4,,1019.2,,1.0
2024-01-20 18:00:00,6.9,4.9,87.0,0.0,,28.0,6.5,,1019.1,,1.0
2024-01-20 19:00:00,6.9,4.4,84.0,0.0,,27.0,6.8,,1018.7,,2.0
2024-01-20 20:00:00,6.6,3.9,83.0,0.0,,34.0,7.2,,1018.3,,5.0
2024-01-20 21:00:00,6.6,3.0,78.0,0.0,,40.0,6.8,,1017.5,,2.0
2024-01-20 22:00:00,8.0,2.5,68.0,0.0,,39.0,5.8,,1016.5,,1.0
2024-01-20 23:00:00,8.1,2.1,66.0,0.0,,34.0,6.1,,1015.8,,1.0
2024-01-21 00:00:00,4.0,4.0,100.0,0.0,,20.0,6.0,,1017.0,,5.0
2024-01-21 01:00:00,4.0,3.0,93.0,0.0,,20.0,6.0,,1017.0,,5.0
2024-01-21 02:00:00,4.0,3.0,93.0,0.0,,10.0,6.0,,1018.0,,5.0
2024-01-21 03:00:00,5.0,5.0,100.0,0.0,,360.0,6.0,,1018.0,,5.0
2024-01-21 04:00:00,10.0,7.1,82.0,0.0,,330.0,6.0,,1019.0,,5.0
2024-01-21 05:00:00,14.0,6.1,59.0,0.0,,280.0,6.0,,1018.0,,5.0
2024-01-21 06:00:00,16.0,5.0,48.0,0.0,,240.0,6.0,,1017.0,,5.0
2024-01-21 07:00:00,16.0,8.0,59.0,0.0,,180.0,11.0,,1017.0,,5.0
2024-01-21 08:00:00,16.0,7.0,55.0,0.0,,170.0,11.0,,1016.0,,5.0
2024-01-21 09:00:00,14.0,7.1,63.0,0.0,,140.0,11.0,,1016.0,,5.0
2024-01-21 10:00:00,12.0,8.1,77.0,0.0,,160.0,11.0,,1016.0,,5.0
2024-01-21 11:00:00,10.0,7.9,87.0,0.0,,120.0,9.0,,1016.0,,5.0
2024-01-21 12:00:00,7.0,7.0,100.0,0.0,,120.0,7.0,,1017.0,,5.0
2024-01-21 13:00:00,7.0,7.0,100.0,0.0,,150.0,6.0,,1017.0,,5.0
2024-01-21 14:00:00,7.0,7.0,100.0,0.0,,140.0,6.0,,1018.0,,5.0
2024-01-21 15:00:00,10.1,8.2,88.0,0.0,,307.0,6.8,,1017.9,,1.0
2024-01-21 16:00:00,7.1,6.4,95.0,0.0,,16.0,6.8,,1018.2,,2.0
2024-01-21 17:00:00,7.3,6.2,93.0,0.0,,32.0,6.8,,1018.4,,2.0
2024-01-21 18:00:00,7.2,5.7,90.0,0.0,,32.0,6.5,,1018.2,,2.0
2024-01-21 19:00:00,7.1,5.4,89.0,0.0,,43.0,5.4,,1017.9,,5.0
2024-01-21 20:00:00,6.9,5.2,89.0,0.0,,48.0,5.4,,1017.4,,1.0
2024-01-21 21:00:00,6.9,5.2,89.0,0.0,,47.0,5.4,,1016.8,,1.0
2024-01-21 22:00:00,6.7,5.0,89.0,0.0,,49.0,5.0,,1016.4,,1.0
2024-01-21 23:00:00,8.9,4.9,76.0,0.0,,54.0,4.3,,1016.1,,1.0
2024-01-22 00:00:00,7.0,5.9,93.0,0.0,,190.0,6.0,,1018.0,,5.0
2024-01-22 01:00:00,7.0,5.9,93.0,0.0,,160.0,6.0,,1019.0,,5.0
2024-01-22 02:00:00,7.0,5.9,93.0,0.0,,120.0,6.0,,1019.0,,5.0
2024-01-22 03:00:00,7.0,5.9,93.0,0.0,,60.0,6.0,,1021.0,,5.0
2024-01-22 04:00:00,7.0,7.0,100.0,0.0,,170.0,6.0,,1021.0,,5.0
2024-01-22 05:00:00,8.0,6.9,93.0,0.0,,120.0,6.0,,1022.0,,5.0
2024-01-22 06:00:00,11.0,9.1,88.0,0.0,,130.0,6.0,,1021.0,,5.0
2024-01-22 07:00:00,9.0,7.0,87.0,0.0,,180.0,7.0,,1020.0,,5.0
2024-01-22 08:00:00,11.0,6.9,76.0,0.0,,170.0,7.0,,1019.0,,5.0
2024-01-22 09:00:00,10.0,7.1,82.0,0.0,,160.0,9.0,,1019.0,,5.0
2024-01-22 10:00:00,10.0,7.1,82.0,0.0,,180.0,7.0,,1019.0,,5.0
2024-01-22 11:00:00,8.0,8.0,100.0,0.0,,160.0,7.0,,1019.0,,5.0
2024-01-22 12:00:00,8.0,8.0,100.0,0.0,,130.0,7.0,,1019.0,,5.0
2024-01-22 13:00:00,7.0,7.0,100.0,0.0,,140.0,6.0,,1020.0,,5.0
2024-01-22 14:00:00,8.0,6.9,93.0,0.0,,290.0,6.0,,1021.0,,5.0
2024-01-22 15:00:00,7.0,7.0,100.0,0.0,,20.0,6.0,,1021.0,,5.0
2024-01-22 16:00:00,7.0,7.0,100.0,0.0,,70.0,6.0,,1021.0,,5.0
2024-01-22 17:00:00,7.0,7.0,100.0,0.0,,20.0,7.0,,1021.0,,5.0
2024-01-22 18:00:00,6.7,4.4,85.0,0.0,,38.0,5.4,,1020.7,,5.0
2024-01-22 19:00:00,5.9,2.7,80.0,0.0,,37.0,6.1,,1020.1,,5.0
2024-01-22 20:00:00,5.2,0.6,72.0,0.0,,39.0,7.6,,1019.8,,2.0
2024-01-22 21:00:00,5.3,-1.0,64.0,0.0,,41.0,7.9,,1019.4,,1.0
2024-01-22 22:00:00,5.4,-1.5,61.0,0.0,,41.0,7.6,,1018.8,,1.0
2024-01-22 23:00:00,3.0,3.0,100.0,0.0,,330.0,6.0,,1019.0,,5.0
2024-01-23 00:00:00,2.0,2.0,100.0,0.0,,40.0,6.0,,1018.0,,5.0
2024-01-23 01:00:00,2.0,2.0,100.0,0.0,,10.0,6.0,,1019.0,,5.0
2024-01-23 02:00:00,3.0,3.0,100.0,0.0,,40.0,6.0,,1019.0,,5.0
2024-01-23 03:00:00,5.0,5.0,100.0,0.0,,260.0,6.0,,1020.0,,5.0
2024-01-23 04:00:00,9.0,4.0,71.0,0.0,,280.0,6.0,,1020.0,,5.0
2024-01-23 05:00:00,11.0,3.0,58.0,0.0,,310.0,6.0,,1020.0,,5.0
2024-01-23 06:00:00,16.0,0.9,36.0,0.0,,260.0,6.0,,1019.0,,5.0
2024-01-23 07:00:00,18.0,1.9,34.0,0.0,,190.0,6.0,,1018.0,,5.0
2024-01-23 08:00:00,18.0,1.1,32.0,0.0,,170.0,9.0,,1017.0,,5.0
2024-01-23 09:00:00,17.0,2.9,39.0,0.0,,160.0,7.0,,1016.0,,5.0
2024-01-23 10:00:00,16.0,4.1,45.0,0.0,,140.0,9.0,,1016.0,,5.0
2024-01-23 11:00:00,14.0,1.9,44.0,0.0,,140.0,9.0,,1016.0,,5.0
2024-01-23 12:00:00,11.0,5.1,67.0,0.0,,90.0,7.0,,1017.0,,5.0
2024-01-23 13:00:00,11.0,5.9,71.0,0.0,,120.0,6.0,,1017.0,,5.0
2024-01-23 14:00:00,7.0,7.0,100.0,0.0,,20.0,6.0,,1018.0,,5.0
2024-01-23 15:00:00,7.0,7.0,100.0,0.0,,30.0,6.0,,1018.0,,5.0
2024-01-23 16:00:00,7.4,4.7,83.0,0.0,,48.0,6.1,,1017.6,,1.0
2024-01-23 17:00:00,7.5,3.9,78.0,0.0,,47.0,5.8,,1017.4,,1.0
2024-01-23 18:00:00,7.4,3.1,74.0,0.0,,42.0,6.8,,1017.3,,1.0
2024-01-23 19:00:00,6.9,2.2,72.0,0.0,,41.0,7.2,,1016.8,,1.0
2024-01-23 20:00:00,6.6,1.1,68.0,0.0,,41.0,7.6,,1016.5,,1.0
2024-01-23 21:00:00,7.0,0.2,62.0,0.0,,39.0,8.3,,1016.4,,1.0
2024-01-23 22:00:00,8.6,-0.4,53.0,0.0,,35.0,8.3,,1016.1,,1.0
2024-01-23 23:00:00,10.5,-0.9,45.0,0.0,,42.0,7.9,,1015.9,,1.0
2024-01-24 00:00:00,3.0,2.0,93.0,0.0,,30.0,6.0,,1017.0,,5.0
2024-01-24 01:00:00,2.0,2.0,100.0,0.0,,50.0,6.0,,1018.0,,5.0
2024-01-24 02:00:00,3.0,3.0,100.0,0.0,,20.0,6.0,,1019.0,,5.0
2024-01-24 03:00:00,6.0,5.0,93.0,0.0,,260.0,6.0,,1020.0,,5.0
2024-01-24 04:00:00,11.0,5.1,67.0,0.0,,310.0,6.0,,1020.0,,5.0
2024-01-24 05:00:00,15.0,1.1,39.0,0.0,,250.0,6.0,,1020.0,,5.0
2024-01-24 06:00:00,16.0,2.0,39.0,0.0,,280.0,6.0,,1019.0,,5.0
2024-01-24 07:00:00,18.0,1.9,34.0,0.0,,210.0,7.0,,1018.0,,5.0
2024-01-24 08:00:00,18.0,4.2,40.0,0.0,,170.0,11.0,,1017.0,,5.0
2024-01-24 09:00:00,18.0,4.2,40.0,0.0,,170.0,11.0,,1017.0,,5.0
2024-01-24 10:00:00,16.0,5.0,48.0,0.0,,150.0,7.0,,1017.0,,5.0
2024-01-24 11:00:00,14.0,3.2,48.0,0.0,,100.0,9.0,,1017.0,,5.0
2024-01-24 12:00:00,12.0,6.1,67.0,0.0,,120.0,7.0,,1018.0,,5.0
2024-01-24 13:00:00,10.0,7.1,82.0,0.0,,70.0,6.0,,1019.0,,5.0
2024-01-24 14:00:00,9.0,8.1,94.0,0.0,,360.0,6.0,,1019.0,,5.0
2024-01-24 15:00:00,9.6,6.0,78.0,0.0,,37.0,7.2,,1019.5,,1.0
2024-01-24 16:00:00,8.9,5.1,77.0,0.0,,44.0,6.1,,1019.4,,1.0
2024-01-24 17:00:00,9.6,5.0,73.0,0.0,,48.0,6.1,,1019.5,,1.0
2024-01-24 18:00:00,9.2,4.4,72.0,0.0,,43.0,7.6,,1019.5,,1.0
2024-01-24 19:00:00,9.1,4.1,71.0,0.0,,44.0,7.6,,1019.2,,1.0
2024-01-24 20:00:00,9.3,3.9,69.0,0.0,,43.0,7.6,,1019.1,,1.0
2024-01-24 21:00:00,8.5,3.3,70.0,0.0,,38.0,7.6,,1018.7,,1.0
2024-01-24 22:00:00,8.4,2.8,68.0,0.0,,40.0,7.6,,1018.3,,1.0
2024-01-24 23:00:00,6.3,1.8,73.0,0.0,,44.0,8.3,,1018.5,,1.0
2024-01-25 00:00:00,4.0,3.0,93.0,0.0,,50.0,7.0,,1019.0,,5.0
2024-01-25 01:00:00,3.0,3.0,100.0,0.0,,10.0,7.0,,1020.0,,5.0
2024-01-25 02:00:00,3.0,1.0,87.0,0.0,,40.0,6.0,,1021.0,,5.0
2024-01-25 03:00:00,5.0,3.0,87.0,0.0,,40.0,7.0,,1021.0,,5.0
2024-01-25 04:00:00,11.0,1.0,50.0,0.0,,200.0,6.0,,1022.0,,5.0
2024-01-25 05:00:00,15.0,-1.2,33.0,0.0,,230.0,6.0,,1022.0,,5.0
2024-01-25 06:00:00,18.0,-1.8,26.0,0.0,,230.0,6.0,,1021.0,,5.0
2024-01-25 07:00:00,19.0,-2.0,24.0,0.0,,220.0,11.0,,1021.0,,5.0
2024-01-25 08:00:00,19.0,-0.9,26.0,0.0,,140.0,11.0,,1020.0,,5.0
2024-01-25 09:00:00,18.0,0.2,30.0,0.0,,140.0,11.0,,1019.0,,5.0
2024-01-25 10:00:00,17.0,2.2,37.0,0.0,,140.0,9.0,,1020.0,,5.0
2024-01-25 11:00:00,15.0,1.1,39.0,0.0,,120.0,7.0,,1020.0,,5.0
2024-01-25 12:00:00,13.0,1.9,47.0,0.0,,130.0,6.0,,1020.0,,5.0
2024-01-25 13:00:00,12.0,4.9,62.0,0.0,,30.0,6.0,,1021.0,,5.0
2024-01-25 14:00:00,10.0,3.9,66.0,0.0,,50.0,6.0,,1021.0,,5.0
2024-01-25 15:00:00,10.0,5.0,71.0,0.0,,50.0,6.0,,1022.0,,5.0
2024-01-25 16:00:00,9.7,5.3,74.0,0.0,,46.0,5.0,,1021.1,,3.0
2024-01-25 17:00:00,8.6,4.8,77.0,0.0,,46.0,6.5,,1020.6,,3.0
2024-01-25 18:00:00,8.4,4.4,76.0,0.0,,46.0,7.2,,1020.3,,3.0
2024-01-25 19:00:00,8.9,4.1,72.0,0.0,,39.0,5.4,,1020.1,,3.0
2024-01-25 20:00:00,9.3,3.5,67.0,0.0,,35.0,5.0,,1020.1,,3.0
2024-01-25 21:00:00,8.6,3.2,69.0,0.0,,37.0,6.1,,1019.7,,3.0
2024-01-25 22:00:00,10.0,2.4,59.0,0.0,,39.0,6.1,,1019.3,,3.0
2024-01-25 23:00:00,10.0,2.6,60.0,0.2,,30.0,6.5,,1018.8,,7.0
2024-01-26 00:00:00,5.0,3.0,87.0,0.0,,30.0,7.0,,1020.0,,5.0
2024-01-26 01:00:00,5.0,2.0,81.0,0.0,,50.0,7.0,,1021.0,,5.0
2024-01-26 02:00:00,5.0,2.0,81.0,0.0,,30.0,7.0,,1022.0,,5.0
2024-01-26 03:00:00,9.0,3.0,66.0,0.0,,30.0,6.0,,1023.0,,5.0
2024-01-26 04:00:00,13.0,0.0,41.0,0.0,,20.0,6.0,,1023.0,,5.0
2024-01-26 05:00:00,14.0,1.9,44.0,0.0,,20.0,6.0,,1024.0,,5.0
2024-01-26 06:00:00,16.0,-3.0,27.0,0.0,,150.0,6.0,,1023.0,,5.0
2024-01-26 07:00:00,18.0,-1.8,26.0,0.0,,230.0,6.0,,1022.0,,5.0
2024-01-26 08:00:00,19.0,1.0,30.0,0.0,,200.0,9.0,,1021.0,,5.0
2024-01-26 09:00:00,19.0,1.9,32.0,0.0,,220.0,11.0,,1020.0,,5.0
2024-01-26 10:00:00,19.0,1.9,32.0,0.0,,150.0,11.0,,1020.0,,5.0
2024-01-26 11:00:00,17.0,2.9,39.0,0.0,,180.0,7.0,,1020.0,,5.0
2024-01-26 12:00:00,15.0,4.1,48.0,0.0,,120.0,6.0,,1020.0,,5.0
2024-01-26 13:00:00,12.0,4.9,62.0,0.0,,50.0,6.0,,1021.0,,5.0
2024-01-26 14:00:00,10.0,6.0,76.0,0.0,,60.0,6.0,,1022.0,,5.0
2024-01-26 15:00:00,12.9,8.4,74.0,0.0,,353.0,6.1,,1021.4,,3.0
2024-01-26 16:00:00,12.6,8.7,77.0,0.0,,28.0,5.8,,1022.0,,3.0
2024-01-26 17:00:00,12.3,8.4,77.0,0.0,,12.0,6.1,,1021.9,,1.0
2024-01-26 18:00:00,9.6,6.9,83.0,0.0,,359.0,6.1,,1021.9,,1.0
2024-01-26 19:00:00,10.8,7.1,78.0,0.0,,25.0,6.5,,1021.7,,1.0
2024-01-26 20:00:00,9.5,6.2,80.0,0.0,,62.0,6.1,,1021.2,,1.0
2024-01-26 21:00:00,8.2,5.3,82.0,0.0,,65.0,6.8,,1020.3,,1.0
2024-01-26 22:00:00,7.6,4.7,82.0,0.0,,69.0,7.6,,1019.4,,1.0
2024-01-26 23:00:00,7.6,4.2,79.0,0.0,,64.0,7.9,,1018.6,,1.0
2024-01-27 00:00:00,5.0,5.0,100.0,0.0,,30.0,7.0,,1018.0,,5.0
2024-01-27 01:00:00,5.0,5.0,100.0,0.0,,20.0,7.0,,1018.0,,5.0
2024-01-27 02:00:00,5.0,5.0,100.0,0.0,,20.0,6.0,,1019.0,,5.0
2024-01-27 03:00:00,9.0,8.1,94.0,0.0,,310.0,6.0,,1020.0,,5.0
2024-01-27 04:00:00,13.0,4.9,58.0,0.0,,310.0,6.0,,1020.0,,5.0
2024-01-27 05:00:00,16.0,4.1,45.0,0.0,,270.0,6.0,,1020.0,,5.0
2024-01-27 06:00:00,17.0,5.0,45.0,0.0,,230.0,6.0,,1019.0,,5.0
2024-01-27 07:00:00,19.0,3.2,35.0,0.0,,200.0,11.0,,1018.0,,5.0
2024-01-27 08:00:00,19.0,5.1,40.0,0.0,,160.0,9.0,,1017.0,,5.0
2024-01-27 09:00:00,18.0,5.9,45.0,0.0,,160.0,9.0,,1017.0,,5.0
2024-01-27 10:00:00,16.0,6.1,52.0,0.0,,120.0,13.0,,1017.0,,5.0
2024-01-27 11:00:00,15.0,6.0,55.0,0.0,,100.0,7.0,,1017.0,,5.0
2024-01-27 12:00:00,15.0,6.0,55.0,0.0,,110.0,6.0,,1017.0,,5.0
2024-01-27 13:00:00,11.0,9.1,88.0,0.0,,40.0,6.0,,1018.0,,5.0
2024-01-27 14:00:00,10.0,9.1,94.0,0.0,,50.0,6.0,,1019.0,,5.0
2024-01-27 15:00:00,10.0,7.1,82.0,0.0,,60.0,6.0,,1019.0,,5.0
2024-01-27 16:00:00,9.7,8.0,89.0,0.0,,66.0,8.3,,1018.4,,1.0
2024-01-27 17:00:00,9.0,7.3,89.0,0.0,,52.0,6.5,,1019.2,,1.0
2024-01-27 18:00:00,8.5,6.6,88.0,0.0,,49.0,6.8,,1019.1,,1.0
2024-01-27 19:00:00,8.3,6.3,87.0,0.0,,44.0,7.2,,1019.0,,1.0
2024-01-27 20:00:00,8.5,5.8,83.0,0.0,,43.0,7.2,,1018.8,,1.0
2024-01-27 21:00:00,8.9,5.5,79.0,0.0,,48.0,6.8,,1018.1,,1.0
2024-01-27 22:00:00,8.3,4.9,79.0,0.0,,52.0,7.2,,1017.4,,1.0
2024-01-27 23:00:00,8.3,4.5,77.0,0.0,,56.0,7.2,,1016.8,,3.0
2024-01-28 00:00:00,5.0,5.0,100.0,0.0,,50.0,6.0,,1018.0,,5.0
2024-01-28 01:00:00,5.0,5.0,100.0,0.0,,70.0,7.0,,1019.0,,5.0
2024-01-28 02:00:00,6.0,6.0,100.0,0.0,,40.0,6.0,,1019.0,,5.0
2024-01-28 03:00:00,8.0,8.0,100.0,0.0,,230.0,6.0,,1020.0,,5.0
2024-01-28 04:00:00,11.0,8.0,82.0,0.0,,200.0,6.0,,1020.0,,5.0
2024-01-28 05:00:00,12.0,8.1,77.0,0.0,,240.0,6.0,,1021.0,,5.0
2024-01-28 06:00:00,16.0,7.0,55.0,0.0,,240.0,6.0,,1020.0,,5.0
2024-01-28 07:00:00,17.0,7.1,52.0,0.0,,200.0,7.0,,1019.0,,5.0
2024-01-28 08:00:00,17.0,5.9,48.0,0.0,,180.0,7.0,,1018.0,,5.0
2024-01-28 09:00:00,16.0,7.0,55.0,0.0,,220.0,9.0,,1018.0,,5.0
2024-01-28 10:00:00,16.0,8.0,59.0,0.0,,210.0,9.0,,1018.0,,5.0
2024-01-28 11:00:00,15.0,8.9,67.0,0.0,,170.0,6.0,,1018.0,,5.0
2024-01-28 12:00:00,13.0,9.1,77.0,0.0,,160.0,6.0,,1018.0,,5.0
2024-01-28 13:00:00,13.0,9.1,77.0,0.0,,120.0,6.0,,1019.0,,5.0
2024-01-28 14:00:00,10.0,10.0,100.0,0.0,,40.0,6.0,,1020.0,,5.0
2024-01-28 15:00:00,9.0,8.1,94.0,0.0,,40.0,6.0,,1020.0,,5.0
2024-01-28 16:00:00,9.9,7.3,84.0,0.0,,36.0,4.3,,1020.0,,2.0
2024-01-28 17:00:00,10.1,6.8,80.0,0.0,,36.0,4.3,,1020.2,,3.0
2024-01-28 18:00:00,10.4,5.8,73.0,0.0,,45.0,4.7,,1020.2,,3.0
2024-01-28 19:00:00,10.8,4.7,66.0,0.0,,48.0,5.0,,1019.7,,1.0
2024-01-28 20:00:00,11.5,3.5,58.0,0.0,,47.0,5.4,,1019.2,,1.0
2024-01-28 21:00:00,12.2,2.4,51.0,0.0,,29.0,5.4,,1018.9,,1.0
2024-01-28 22:00:00,13.8,1.4,43.0,0.0,,25.0,5.4,,1018.3,,1.0
2024-01-28 23:00:00,13.8,0.8,41.0,0.0,,34.0,5.8,,1017.6,,1.0
2024-01-29 00:00:00,5.0,5.0,100.0,0.0,,40.0,7.0,,1019.0,,5.0
2024-01-29 01:00:00,5.0,5.0,100.0,0.0,,40.0,7.0,,1020.0,,5.0
2024-01-29 02:00:00,7.0,5.9,93.0,0.0,,40.0,11.0,,1020.0,,5.0
2024-01-29 03:00:00,9.0,8.1,94.0,0.0,,30.0,9.0,,1021.0,,5.0
2024-01-29 04:00:00,14.0,5.1,55.0,0.0,,310.0,6.0,,1021.0,,5.0
2024-01-29 05:00:00,17.0,2.9,39.0,0.0,,240.0,6.0,,1021.0,,5.0
2024-01-29 06:00:00,18.0,1.9,34.0,0.0,,170.0,6.0,,1020.0,,5.0
2024-01-29 07:00:00,20.0,3.2,33.0,0.0,,240.0,7.0,,1019.0,,5.0
2024-01-29 08:00:00,20.0,4.1,35.0,0.0,,250.0,6.0,,1019.0,,5.0
2024-01-29 09:00:00,21.0,6.1,38.0,0.0,,220.0,9.0,,1017.0,,5.0
2024-01-29 10:00:00,20.0,7.0,43.0,0.0,,220.0,11.0,,1017.0,,5.0
2024-01-29 11:00:00,19.0,8.0,49.0,0.0,,170.0,9.0,,1016.0,,5.0
2024-01-29 12:00:00,17.0,7.9,55.0,0.0,,150.0,7.0,,1017.0,,5.0
2024-01-29 13:00:00,14.0,10.0,77.0,0.0,,20.0,6.0,,1018.0,,5.0
2024-01-29 14:00:00,11.0,10.1,94.0,0.0,,50.0,6.0,,1018.0,,5.0
2024-01-29 15:00:00,10.7,7.6,81.0,0.0,,37.0,5.8,,1017.7,,1.0
2024-01-29 16:00:00,10.5,6.6,77.0,0.0,,39.0,5.8,,1018.2,,1.0
2024-01-29 17:00:00,10.2,5.6,73.0,0.0,,41.0,5.4,,1018.3,,1.0
2024-01-29 18:00:00,9.2,4.6,73.0,0.0,,37.0,5.0,,1018.3,,1.0
2024-01-29 19:00:00,9.3,4.1,70.0,0.0,,36.0,6.1,,1017.7,,1.0
2024-01-29 20:00:00,10.7,4.2,64.0,0.0,,44.0,6.8,,1017.6,,1.0
2024-01-29 21:00:00,11.0,4.0,62.0,0.0,,57.0,7.2,,1017.0,,1.0
2024-01-29 22:00:00,10.2,4.1,66.0,0.0,,66.0,7.6,,1016.1,,1.0
2024-01-29 23:00:00,9.5,4.1,69.0,0.0,,62.0,7.9,,1015.5,,1.0
2024-01-30 00:00:00,6.0,6.0,100.0,0.0,,30.0,6.0,,1017.0,,5.0
2024-01-30 01:00:00,6.0,6.0,100.0,0.0,,30.0,6.0,,1018.0,,5.0
2024-01-30 02:00:00,6.0,6.0,100.0,0.0,,40.0,6.0,,1018.0,,5.0
2024-01-30 03:00:00,10.0,9.1,94.0,0.0,,40.0,6.0,,1019.0,,5.0
2024-01-30 04:00:00,13.0,8.1,72.0,0.0,,280.0,6.0,,1020.0,,5.0
2024-01-30 05:00:00,16.0,7.0,55.0,0.0,,320.0,6.0,,1019.0,,5.0
2024-01-30 06:00:00,17.0,7.1,52.0,0.0,,220.0,7.0,,1019.0,,5.0
2024-01-30 07:00:00,19.0,7.1,46.0,0.0,,230.0,11.0,,1017.0,,5.0
2024-01-30 08:00:00,20.0,7.0,43.0,0.0,,180.0,6.0,,1016.0,,5.0
2024-01-30 09:00:00,20.0,7.0,43.0,0.0,,190.0,9.0,,1016.0,,5.0
2024-01-30 10:00:00,19.0,8.0,49.0,0.0,,140.0,11.0,,1015.0,,5.0
2024-01-30 11:00:00,19.0,8.9,52.0,0.0,,180.0,9.0,,1015.0,,5.0
2024-01-30 12:00:00,16.0,10.1,68.0,0.0,,160.0,6.0,,1016.0,,5.0
2024-01-30 13:00:00,13.0,10.0,82.0,0.0,,60.0,6.0,,1017.0,,5.0
2024-01-30 14:00:00,12.0,11.1,94.0,0.0,,60.0,6.0,,1018.0,,5.0
2024-01-30 15:00:00,11.0,10.1,94.0,0.0,,60.0,6.0,,1019.0,,5.0
2024-01-30 16:00:00,12.8,9.1,78.0,0.0,,85.0,4.7,,1018.3,,1.0
2024-01-30 17:00:00,10.9,8.3,84.0,0.0,,60.0,4.3,,1018.6,,1.0
2024-01-30 18:00:00,10.5,8.3,86.0,0.0,,46.0,5.4,,1018.4,,2.0
2024-01-30 19:00:00,9.0,7.4,90.0,0.0,,41.0,6.8,,1018.0,,5.0
2024-01-30 20:00:00,8.2,6.7,90.0,0.0,,45.0,7.2,,1017.4,,5.0
2024-01-30 21:00:00,7.8,6.4,91.0,0.0,,43.0,7.9,,1016.7,,5.0
2024-01-30 22:00:00,7.8,6.3,90.0,0.0,,40.0,7.9,,1016.0,,5.0
2024-01-30 23:00:00,8.3,6.3,87.0,0.0,,35.0,7.6,,1015.6,,5.0
2024-01-31 00:00:00,9.2,6.5,83.0,0.0,,28.0,7.6,,1015.6,,3.0
2024-01-31 01:00:00,9.9,7.0,82.0,0.0,,75.0,7.9,,1015.8,,3.0
2024-01-31 02:00:00,8.6,4.6,76.0,0.0,,48.0,8.6,,1017.0,,3.0
2024-01-31 03:00:00,12.7,6.9,68.0,0.0,,51.0,8.6,,1017.3,,1.0
2024-01-31 04:00:00,14.9,8.4,65.0,0.0,,197.0,5.0,,1017.7,,1.0
2024-01-31 05:00:00,16.2,9.4,64.0,0.0,,216.0,6.1,,1018.1,,3.0
2024-01-31 06:00:00,16.0,8.0,59.0,0.0,,10.0,6.0,,1019.0,,5.0
2024-01-31 07:00:00,17.0,8.9,59.0,0.0,,320.0,6.0,,1018.0,,5.0
2024-01-31 08:00:00,19.0,8.0,49.0,0.0,,250.0,9.0,,1017.0,,5.0
2024-01-31 09:00:00,18.0,8.0,52.0,0.4,,210.0,6.0,,1016.0,,5.0
2024-01-31 10:00:00,18.0,9.1,56.0,0.0,,190.0,7.0,,1016.0,,5.0
2024-01-31 11:00:00,16.0,12.0,77.0,1.0,,180.0,6.0,,1016.0,,5.0
2024-01-31 12:00:00,16.0,11.0,72.0,0.1,,130.0,6.0,,1016.0,,5.0
2024-01-31 13:00:00,14.0,12.0,88.0,0.0,,50.0,6.0,,1016.0,,5.0
2024-01-31 14:00:00,13.0,13.0,100.0,0.7,,90.0,6.0,,1016.0,,5.0
2024-01-31 15:00:00,12.0,12.0,100.0,1.7,,330.0,6.0,,1017.0,,5.0
2024-01-31 16:00:00,12.0,12.0,100.0,0.0,,350.0,6.0,,1017.0,,5.0
2024-01-31 17:00:00,11.5,9.7,89.0,0.0,,69.0,9.4,,1016.9,,3.0
2024-01-31 18:00:00,9.9,8.2,89.0,0.0,,76.0,8.6,,1016.9,,2.0
2024-01-31 19:00:00,9.5,7.8,89.0,0.0,,52.0,9.4,,1016.9,,2.0
2024-01-31 20:00:00,8.7,7.5,92.0,0.0,,48.0,10.1,,1016.4,,3.0
2024-01-31 21:00:00,8.3,6.9,91.0,0.0,,47.0,12.2,,1015.8,,3.0
2024-01-31 22:00:00,9.1,6.9,86.0,0.0,,52.0,12.6,,1015.3,,3.0
2024-01-31 23:00:00,9.1,6.7,85.0,0.0,,54.0,12.2,,1014.9,,3.0
2024-02-01 00:00:00,11.0,11.0,100.0,0.0,,100.0,9.0,,1015.0,,5.0
2024-02-01 01:00:00,11.0,10.1,94.0,0.2,,120.0,6.0,,1016.0,,5.0
2024-02-01 02:00:00,10.0,10.0,100.0,0.0,,170.0,9.0,,1017.0,,5.0
2024-02-01 03:00:00,11.0,11.0,100.0,0.1,,20.0,9.0,,1018.0,,7.0
2024-02-01 04:00:00,12.0,12.0,100.0,1.9,,40.0,7.0,,1018.0,,5.0
2024-02-01 05:00:00,14.0,13.0,94.0,0.7,,40.0,7.0,,1019.0,,5.0
2024-02-01 06:00:00,15.0,11.0,77.0,6.0,,40.0,6.0,,1018.0,,5.0
2024-02-01 07:00:00,15.0,11.0,77.0,2.8,,190.0,15.0,,1017.0,,5.0
2024-02-01 08:00:00,13.0,12.1,94.0,1.6,,200.0,7.0,,1017.0,,18.0
2024-02-01 09:00:00,12.0,12.0,100.0,0.4,,30.0,6.0,,1018.0,,8.0
2024-02-01 10:00:00,13.0,12.1,94.0,0.0,,80.0,13.0,,1017.0,,5.0
2024-02-01 11:00:00,13.0,13.0,100.0,0.0,,200.0,7.0,,1018.0,,5.0
2024-02-01 12:00:00,12.0,12.0,100.0,0.0,,240.0,6.0,,1018.0,,5.0
2024-02-01 13:00:00,12.0,12.0,100.0,0.0,,70.0,6.0,,1019.0,,5.0
2024-02-01 14:00:00,12.0,12.0,100.0,0.0,,340.0,6.0,,1020.0,,5.0
2024-02-01 15:00:00,12.0,11.1,94.0,1.6,,30.0,6.0,,1020.0,,5.0
2024-02-01 16:00:00,9.5,8.4,93.0,2.2,,48.0,7.9,,1020.4,,9.0
2024-02-01 17:00:00,8.7,7.8,94.0,0.0,,44.0,9.0,,1020.1,,3.0
2024-02-01 18:00:00,7.8,6.9,94.0,0.5,,40.0,6.5,,1020.5,,17.0
2024-02-01 19:00:00,7.7,6.8,94.0,0.0,,40.0,6.8,,1020.0,,3.0
2024-02-01 20:00:00,7.4,6.5,94.0,0.0,,40.0,6.8,,1019.7,,2.0
2024-02-01 21:00:00,7.0,5.8,92.0,0.0,,36.0,6.5,,1019.3,,2.0
2024-02-01 22:00:00,6.8,5.3,90.0,0.0,,39.0,6.5,,1018.7,,2.0
2024-02-01 23:00:00,6.7,5.0,89.0,0.0,,39.0,6.8,,1018.1,,2.0
2024-02-02 00:00:00,7.0,7.0,100.0,0.0,,30.0,6.0,,1020.0,,5.0
2024-02-02 01:00:00,6.0,6.0,100.0,0.0,,30.0,6.0,,1020.0,,5.0
2024-02-02 02:00:00,6.0,6.0,100.0,0.0,,120.0,6.0,,1020.0,,5.0
2024-02-02 03:00:00,10.0,9.1,94.0,0.0,,350.0,7.0,,1021.0,,1.0
2024-02-02 04:00:00,12.0,8.1,77.0,0.0,,300.0,7.0,,1022.0,,1.0
2024-02-02 05:00:00,13.0,7.0,67.0,0.0,,310.0,6.0,,1022.0,,1.0
2024-02-02 06:00:00,15.0,6.0,55.0,0.0,,290.0,6.0,,1021.0,,1.0
2024-02-02 07:00:00,16.0,5.0,48.0,0.0,,320.0,7.0,,1020.0,,1.0
2024-02-02 08:00:00,17.0,2.9,39.0,0.0,,330.0,7.0,,1019.0,,5.0
2024-02-02 09:00:00,18.0,5.9,45.0,0.0,,250.0,20.0,,1018.0,,5.0
2024-02-02 10:00:00,18.0,5.9,45.0,0.0,,230.0,17.0,,1017.0,,5.0
2024-02-02 11:00:00,16.0,7.0,55.0,0.0,,250.0,17.0,,1017.0,,5.0
2024-02-02 12:00:00,14.0,8.0,67.0,0.0,,250.0,11.0,,1017.0,,5.0
2024-02-02 13:00:00,12.0,10.1,88.0,0.0,,40.0,7.0,,1017.0,,5.0
2024-02-02 14:00:00,10.0,10.0,100.0,0.0,,30.0,6.0,,1018.0,,5.0
2024-02-02 15:00:00,10.0,10.0,100.0,0.0,,40.0,7.0,,1018.0,,5.0
2024-02-02 16:00:00,9.0,9.0,100.0,0.0,,260.0,6.0,,1018.0,,5.0
2024-02-02 17:00:00,8.0,8.0,100.0,0.0,,260.0,6.0,,1018.0,,5.0
2024-02-02 18:00:00,7.3,4.8,84.0,0.0,,41.0,6.1,,1018.7,,1.0
2024-02-02 19:00:00,6.4,3.6,82.0,0.0,,39.0,7.6,,1018.3,,2.0
2024-02-02 20:00:00,6.4,2.3,75.0,0.0,,42.0,9.0,,1018.1,,5.0
2024-02-02 21:00:00,6.1,1.4,72.0,0.0,,43.0,9.4,,1017.2,,2.0
2024-02-02 22:00:00,5.9,0.4,68.0,0.0,,43.0,9.4,,1016.2,,1.0
2024-02-02 23:00:00,5.6,-0.3,66.0,0.0,,41.0,9.7,,1015.7,,1.0
2024-02-03 00:00:00,6.0,5.0,93.0,0.0,,320.0,6.0,,1016.0,,5.0
2024-02-03 01:00:00,6.0,6.0,100.0,0.0,,10.0,6.0,,1017.0,,5.0
2024-02-03 02:00:00,7.0,7.0,100.0,0.0,,350.0,6.0,,1018.0,,5.0
2024-02-03 03:00:00,11.0,9.1,88.0,0.0,,10.0,6.0,,1019.0,,5.0
2024-02-03 04:00:00,14.0,4.0,51.0,0.0,,20.0,6.0,,1019.0,,5.0
2024-02-03 05:00:00,16.0,3.1,42.0,0.0,,240.0,6.0,,1019.0,,1.0
2024-02-03 06:00:00,17.0,4.0,42.0,0.0,,280.0,6.0,,1019.0,,3.0
2024-02-03 07:00:00,18.0,4.2,40.0,0.0,,270.0,6.0,,1018.0,,5.0
2024-02-03 08:00:00,16.0,10.1,68.0,0.0,,10.0,6.0,,1018.0,,5.0
2024-02-03 09:00:00,16.0,8.0,59.0,0.0,,350.0,6.0,,1017.0,,5.0
2024-02-03 10:00:00,16.0,9.0,63.0,0.0,,20.0,6.0,,1017.0,,5.0
2024-02-03 11:00:00,15.0,10.0,72.0,0.0,,340.0,6.0,,1017.0,,5.0
2024-02-03 12:00:00,14.0,11.0,82.0,0.0,,340.0,7.0,,1017.0,,5.0
2024-02-03 13:00:00,14.0,11.0,82.0,0.0,,340.0,7.0,,1017.0,,5.0
2024-02-03 14:00:00,12.0,10.1,88.0,0.0,,360.0,9.0,,1018.0,,5.0
2024-02-03 15:00:00,11.9,7.6,75.0,0.0,,50.0,4.7,,1017.3,,1.0
2024-02-03 16:00:00,15.0,5.8,54.0,0.0,,43.0,5.4,,1018.6,,1.0
2024-02-03 17:00:00,12.6,5.3,61.0,0.0,,47.0,5.8,,1018.3,,2.0
2024-02-03 18:00:00,13.7,5.1,56.0,0.0,,48.0,5.0,,1017.9,,2.0
2024-02-03 19:00:00,10.9,5.0,67.0,0.0,,44.0,5.8,,1017.8,,1.0
2024-02-03 20:00:00,11.2,4.6,64.0,0.0,,46.0,6.1,,1017.8,,3.0
2024-02-03 21:00:00,10.1,4.9,70.0,0.0,,47.0,6.8,,1017.1,,3.0
2024-02-03 22:00:00,10.6,4.9,68.0,0.0,,48.0,6.5,,1015.7,,3.0
2024-02-03 23:00:00,9.4,4.2,70.0,0.0,,58.0,6.1,,1014.9,,3.0
2024-02-04 00:00:00,10.0,10.0,100.0,0.0,,20.0,6.0,,1018.0,,5.0
2024-02-04 01:00:00,11.0,11.0,100.0,0.0,,80.0,7.0,,1018.0,,5.0
2024-02-04 02:00:00,11.0,11.0,100.0,0.0,,250.0,6.0,,1018.0,,3.0
2024-02-04 03:00:00,11.0,11.0,100.0,0.5,,320.0,6.0,,1019.0,,8.0
2024-02-04 04:00:00,11.0,11.0,100.0,2.3,,20.0,6.0,,1019.0,,9.0
2024-02-04 05:00:00,12.0,11.1,94.0,1.6,,260.0,6.0,,1019.0,,9.0
2024-02-04 06:00:00,13.0,13.0,100.0,0.0,,300.0,6.0,,1019.0,,3.0
2024-02-04 07:00:00,14.0,13.0,94.0,0.0,,270.0,6.0,,1019.0,,5.0
2024-02-04 08:00:00,16.0,12.9,82.0,0.0,,160.0,6.0,,1017.0,,3.0
2024-02-04 09:00:00,16.0,15.0,94.0,0.5,,80.0,6.0,,1017.0,,5.0
2024-02-04 10:00:00,15.0,13.0,88.0,2.5,,100.0,7.0,,1017.0,,5.0
2024-02-04 11:00:00,15.0,14.0,94.0,3.0,,130.0,6.0,,1017.0,,5.0
2024-02-04 12:00:00,14.0,14.0,100.0,1.2,,20.0,6.0,,1017.0,,5.0
2024-02-04 13:00:00,14.0,14.0,100.0,0.0,,350.0,6.0,,1017.0,,5.0
2024-02-04 14:00:00,13.0,13.0,100.0,0.2,,360.0,6.0,,1018.0,,5.0
2024-02-04 15:00:00,13.0,13.0,100.0,0.2,,40.0,6.0,,1018.0,,5.0
2024-02-04 16:00:00,11.1,8.5,84.0,0.0,,69.0,10.4,,1017.3,,3.0
2024-02-04 17:00:00,11.1,8.5,84.0,0.0,,78.0,9.0,,1017.6,,3.0
2024-02-04 18:00:00,9.3,7.4,88.0,0.0,,43.0,10.1,,1018.2,,3.0
2024-02-04 19:00:00,8.7,7.0,89.0,0.0,,41.0,9.0,,1017.7,,2.0
2024-02-04 20:00:00,8.8,6.9,88.0,0.0,,36.0,7.9,,1017.8,,3.0
2024-02-04 21:00:00,8.5,7.0,90.0,0.0,,46.0,8.3,,1016.8,,3.0
2024-02-04 22:00:00,8.2,6.5,89.0,0.0,,48.0,6.1,,1016.9,,3.0
2024-02-04 23:00:00,8.0,6.5,90.0,0.0,,40.0,7.6,,1016.0,,2.0
2024-02-05 00:00:00,7.3,5.9,91.0,0.0,,41.0,7.2,,1016.0,,2.0
2024-02-05 01:00:00,7.2,5.5,89.0,0.0,,46.0,7.9,,1016.6,,2.0
2024-02-05 02:00:00,7.5,5.3,86.0,0.0,,48.0,6.8,,1017.4,,2.0
2024-02-05 03:00:00,10.4,7.8,84.0,0.0,,39.0,7.9,,1018.1,,5.0
2024-02-05 04:00:00,13.3,8.8,74.0,0.2,,183.0,5.0,,1018.7,,17.0
2024-02-05 05:00:00,14.6,9.6,72.0,0.0,,217.0,5.4,,1019.3,,3.0
2024-02-05 06:00:00,15.5,10.1,70.0,0.0,,215.0,7.6,,1019.1,,3.0
2024-02-05 07:00:00,16.5,10.4,67.0,0.4,,208.0,7.6,,1018.5,,17.0
2024-02-05 08:00:00,16.0,11.0,72.0,0.0,,250.0,11.0,,1019.0,,5.0
2024-02-05 09:00:00,16.0,12.0,77.0,0.2,,360.0,6.0,,1018.0,,5.0
2024-02-05 10:00:00,15.0,12.0,82.0,0.1,,110.0,9.0,,1018.0,,5.0
2024-02-05 11:00:00,14.0,13.0,94.0,0.0,,50.0,6.0,,1017.0,,5.0
2024-02-05 12:00:00,14.0,13.0,94.0,0.0,,360.0,6.0,,1017.0,,5.0
2024-02-05 13:00:00,13.0,13.0,100.0,0.0,,10.0,6.0,,1018.0,,5.0
2024-02-05 14:00:00,12.0,12.0,100.0,0.0,,70.0,7.0,,1018.0,,5.0
2024-02-05 15:00:00,11.0,11.0,100.0,0.1,,20.0,7.0,,1019.0,,5.0
2024-02-05 16:00:00,11.0,11.0,100.0,0.0,,20.0,7.0,,1019.0,,5.0
2024-02-05 17:00:00,8.0,5.3,83.0,0.0,,38.0,6.5,,1019.0,,2.0
2024-02-05 18:00:00,7.0,4.1,82.0,0.0,,38.0,6.8,,1019.0,,2.0
2024-02-05 19:00:00,6.8,3.6,80.0,0.0,,40.0,5.8,,1019.1,,2.0
2024-02-05 20:00:00,6.8,3.9,82.0,0.0,,40.0,5.8,,1018.8,,2.0
2024-02-05 21:00:00,6.9,4.0,82.0,0.0,,38.0,6.5,,1018.2,,2.0
2024-02-05 22:00:00,6.9,4.2,83.0,0.0,,42.0,6.8,,1017.5,,1.0
2024-02-05 23:00:00,7.0,4.0,81.0,0.0,,47.0,7.2,,1017.1,,1.0
2024-02-06 00:00:00,9.0,7.0,87.0,0.0,,60.0,6.0,,1017.0,,5.0
2024-02-06 01:00:00,8.0,6.9,93.0,0.0,,20.0,6.0,,1019.0,,5.0
2024-02-06 02:00:00,8.0,8.0,100.0,0.0,,330.0,6.0,,1019.0,,5.0
2024-02-06 03:00:00,10.0,10.0,100.0,0.0,,330.0,6.0,,1020.0,,5.0
2024-02-06 04:00:00,13.0,12.1,94.0,0.0,,180.0,6.0,,1020.0,,5.0
2024-02-06 05:00:00,14.0,11.0,82.0,0.0,,210.0,6.0,,1021.0,,5.0
2024-02-06 06:00:00,16.0,9.0,63.0,0.0,,200.0,6.0,,1020.0,,5.0
2024-02-06 07:00:00,18.0,9.1,56.0,0.0,,180.0,6.0,,1019.0,,5.0
2024-02-06 08:00:00,18.0,9.1,56.0,0.0,,240.0,13.0,,1019.0,,5.0
2024-02-06 09:00:00,17.0,7.9,55.0,0.0,,240.0,17.0,,1018.0,,5.0
2024-02-06 10:00:00,17.0,7.9,55.0,0.0,,240.0,17.0,,1018.0,,5.0
2024-02-06 11:00:00,16.0,8.0,59.0,0.0,,250.0,11.0,,1018.0,,5.0
2024-02-06 12:00:00,14.0,9.0,72.0,0.0,,270.0,6.0,,1019.0,,5.0
2024-02-06 13:00:00,13.0,8.1,72.0,0.0,,260.0,6.0,,1019.0,,5.0
2024-02-06 14:00:00,11.0,11.0,100.0,0.0,,40.0,6.0,,1020.0,,5.0
2024-02-06 15:00:00,9.6,6.0,78.0,0.0,,21.0,6.8,,1019.8,,1.0
2024-02-06 16:00:00,9.0,5.4,78.0,0.0,,38.0,7.6,,1020.1,,1.0
2024-02-06 17:00:00,7.7,4.5,80.0,0.0,,50.0,4.7,,1020.2,,1.0
2024-02-06 18:00:00,7.7,3.7,76.0,0.0,,52.0,4.7,,1020.1,,1.0
2024-02-06 19:00:00,7.2,2.1,70.0,0.0,,43.0,5.8,,1019.6,,1.0
2024-02-06 20:00:00,6.6,0.9,67.0,0.0,,40.0,6.1,,1019.5,,1.0
2024-02-06 21:00:00,9.1,-0.2,52.0,0.0,,42.0,5.4,,1019.3,,1.0
2024-02-06 22:00:00,9.6,-0.3,50.0,0.0,,26.0,4.7,,1018.9,,2.0
2024-02-06 23:00:00,9.4,-0.5,50.0,0.0,,14.0,6.1,,1018.7,,1.0
2024-02-07 00:00:00,6.0,6.0,100.0,0.0,,20.0,7.0,,1018.0,,5.0
2024-02-07 01:00:00,6.0,5.0,93.0,0.0,,60.0,6.0,,1019.0,,5.0
2024-02-07 02:00:00,7.1,-1.8,53.0,0.0,,59.0,7.9,,1018.4,,2.0
2024-02-07 03:00:00,10.0,10.0,100.0,0.0,,340.0,6.0,,1020.0,,5.0
2024-02-07 04:00:00,12.0,9.0,82.0,0.0,,310.0,7.0,,1021.0,,1.0
2024-02-07 05:00:00,15.0,6.0,55.0,0.0,,240.0,6.0,,1021.0,,1.0
2024-02-07 06:00:00,16.0,8.0,59.0,0.0,,260.0,6.0,,1021.0,,1.0
2024-02-07 07:00:00,18.0,4.9,42.0,0.0,,280.0,6.0,,1019.0,,1.0
2024-02-07 08:00:00,19.0,6.1,43.0,0.0,,250.0,20.0,,1019.0,,3.0
2024-02-07 09:00:00,18.0,4.9,42.0,0.0,,260.0,19.0,,1019.0,,3.0
2024-02-07 10:00:00,18.0,4.2,40.0,0.0,,260.0,22.0,,1018.0,,3.0
2024-02-07 11:00:00,17.0,4.0,42.0,0.0,,250.0,19.0,,1018.0,,3.0
2024-02-07 12:00:00,14.0,5.1,55.0,0.0,,260.0,15.0,,1019.0,,5.0
2024-02-07 13:00:00,13.0,6.1,63.0,0.0,,330.0,6.0,,1019.0,,5.0
2024-02-07 14:00:00,10.0,7.1,82.0,0.0,,330.0,6.0,,1019.0,,5.0
2024-02-07 15:00:00,8.0,5.1,82.0,0.0,,83.0,6.5,,1019.9,,1.0
2024-02-07 16:00:00,8.0,5.3,83.0,0.0,,77.0,5.0,,1020.1,,1.0
2024-02-07 17:00:00,7.3,4.8,84.0,0.0,,56.0,5.0,,1019.8,,1.0
2024-02-07 18:00:00,6.6,4.1,84.0,0.0,,45.0,4.7,,1019.4,,2.0
2024-02-07 19:00:00,6.3,2.7,78.0,0.0,,33.0,5.0,,1018.8,,2.0
2024-02-07 20:00:00,6.6,1.3,69.0,0.0,,32.0,5.4,,1018.5,,1.0
2024-02-07 21:00:00,6.8,0.5,64.0,0.0,,40.0,5.8,,1017.7,,1.0
2024-02-07 22:00:00,6.9,-0.6,59.0,0.0,,39.0,6.5,,1016.6,,1.0
2024-02-07 23:00:00,6.9,-1.3,56.0,0.0,,42.0,6.8,,1015.6,,1.0
2024-02-08 00:00:00,7.0,7.0,100.0,0.0,,30.0,6.0,,1017.0,,5.0
2024-02-08 01:00:00,4.0,4.0,100.0,0.0,,40.0,6.0,,1017.0,,5.0
2024-02-08 02:00:00,5.0,4.0,93.0,0.0,,360.0,7.0,,1018.0,,5.0
2024-02-08 03:00:00,7.0,7.0,100.0,0.0,,10.0,6.0,,1018.0,,5.0
2024-02-08 04:00:00,12.0,6.1,67.0,0.0,,310.0,7.0,,1019.0,,5.0
2024-02-08 05:00:00,15.0,6.0,55.0,0.0,,310.0,6.0,,1019.0,,1.0
2024-02-08 06:00:00,17.0,2.2,37.0,0.0,,260.0,7.0,,1018.0,,1.0
2024-02-08 07:00:00,19.0,1.0,30.0,0.0,,250.0,6.0,,1017.0,,1.0
2024-02-08 08:00:00,20.0,3.2,33.0,0.0,,210.0,6.0,,1017.0,,1.0
2024-02-08 09:00:00,21.0,6.1,38.0,0.0,,200.0,6.0,,1015.0,,1.0
2024-02-08 10:00:00,20.0,6.0,40.0,0.0,,250.0,13.0,,1015.0,,1.0
2024-02-08 11:00:00,19.0,6.1,43.0,0.0,,260.0,15.0,,1015.0,,1.0
2024-02-08 12:00:00,16.0,5.0,48.0,0.0,,260.0,6.0,,1015.0,,5.0
2024-02-08 13:00:00,12.0,9.0,82.0,0.0,,20.0,6.0,,1016.0,,5.0
2024-02-08 14:00:00,11.0,9.1,88.0,0.0,,40.0,6.0,,1016.0,,5.0
2024-02-08 15:00:00,13.1,7.5,69.0,0.0,,75.0,6.8,,1015.6,,1.0
2024-02-08 16:00:00,11.7,7.2,74.0,0.0,,61.0,6.5,,1016.2,,1.0
2024-02-08 17:00:00,7.7,5.0,83.0,0.0,,52.0,6.1,,1016.2,,1.0
2024-02-08 18:00:00,7.2,4.0,80.0,0.0,,42.0,6.1,,1015.9,,1.0
2024-02-08 19:00:00,7.0,2.3,72.0,0.0,,33.0,6.1,,1015.6,,1.0
2024-02-08 20:00:00,6.9,0.3,63.0,0.0,,31.0,5.8,,1015.5,,1.0
2024-02-08 21:00:00,6.9,-0.8,58.0,0.0,,24.0,6.8,,1014.9,,1.0
2024-02-08 22:00:00,7.0,-1.4,55.0,0.0,,26.0,6.5,,1014.3,,1.0
2024-02-08 23:00:00,7.1,-2.6,50.0,0.0,,40.0,5.8,,1014.2,,1.0
2024-02-09 00:00:00,5.0,5.0,100.0,0.0,,10.0,6.0,,1016.0,,5.0
2024-02-09 01:00:00,5.0,5.0,100.0,0.0,,50.0,6.0,,1017.0,,5.0
2024-02-09 02:00:00,6.0,6.0,100.0,0.0,,40.0,6.0,,1019.0,,5.0
2024-02-09 03:00:00,10.0,9.1,94.0,0.0,,320.0,6.0,,1020.0,,5.0
2024-02-09 04:00:00,13.0,7.0,67.0,0.0,,250.0,6.0,,1021.0,,5.0
2024-02-09 05:00:00,15.0,8.0,63.0,0.0,,230.0,6.0,,1021.0,,5.0
2024-02-09 06:00:00,16.0,7.0,55.0,0.0,,220.0,7.0,,1021.0,,5.0
2024-02-09 07:00:00,18.0,7.1,49.0,0.0,,240.0,7.0,,1021.0,,5.0
2024-02-09 08:00:00,18.0,5.9,45.0,0.0,,160.0,6.0,,1020.0,,5.0
2024-02-09 09:00:00,19.0,8.0,49.0,0.0,,200.0,11.0,,1020.0,,5.0
2024-02-09 10:00:00,19.0,8.0,49.0,0.0,,200.0,9.0,,1020.0,,5.0
2024-02-09 11:00:00,18.0,8.0,52.0,0.0,,200.0,11.0,,1020.0,,5.0
2024-02-09 12:00:00,16.0,8.0,59.0,0.0,,200.0,6.0,,1020.0,,5.0
2024-02-09 13:00:00,13.0,11.1,88.0,0.0,,30.0,6.0,,1021.0,,5.0
2024-02-09 14:00:00,12.0,12.0,100.0,0.0,,50.0,6.0,,1022.0,,5.0
2024-02-09 15:00:00,11.0,11.0,100.0,0.0,,50.0,6.0,,1022.0,,5.0
2024-02-09 16:00:00,10.8,9.4,91.0,0.0,,35.0,5.4,,1021.6,,2.0
2024-02-09 17:00:00,10.0,8.4,90.0,0.0,,39.0,6.1,,1021.9,,5.0
2024-02-09 18:00:00,8.8,7.4,91.0,0.0,,34.0,5.8,,1022.5,,5.0
2024-02-09 19:00:00,8.5,7.0,90.0,0.0,,31.0,6.1,,1022.2,,5.0
2024-02-09 20:00:00,8.5,6.6,88.0,0.0,,32.0,6.5,,1022.1,,5.0
2024-02-09 21:00:00,8.4,6.5,88.0,0.0,,31.0,7.2,,1021.8,,2.0
2024-02-09 22:00:00,8.5,6.3,86.0,0.0,,31.0,7.6,,1021.4,,2.0
2024-02-09 23:00:00,8.2,6.0,86.0,0.0,,31.0,7.2,,1021.2,,2.0
2024-02-10 00:00:00,7.0,7.0,100.0,0.0,,10.0,6.0,,1022.0,,5.0
2024-02-10 01:00:00,7.0,5.9,93.0,0.0,,40.0,6.0,,1023.0,,5.0
2024-02-10 02:00:00,7.0,7.0,100.0,0.0,,10.0,6.0,,1023.0,,5.0
2024-02-10 03:00:00,9.0,9.0,100.0,0.0,,20.0,6.0,,1024.0,,5.0
2024-02-10 04:00:00,13.0,9.1,77.0,0.0,,310.0,6.0,,1024.0,,5.0
2024-02-10 05:00:00,15.0,8.0,63.0,0.0,,300.0,6.0,,1025.0,,5.0
2024-02-10 06:00:00,17.0,7.9,55.0,0.0,,320.0,6.0,,1024.0,,5.0
2024-02-10 07:00:00,19.0,7.1,46.0,0.0,,220.0,6.0,,1023.0,,5.0
2024-02-10 08:00:00,20.0,7.0,43.0,0.0,,230.0,7.0,,1022.0,,5.0
2024-02-10 09:00:00,21.0,6.9,40.0,0.0,,240.0,6.0,,1021.0,,5.0
2024-02-10 10:00:00,22.0,5.8,35.0,0.0,,250.0,6.0,,1020.0,,5.0
2024-02-10 11:00:00,21.0,6.9,40.0,0.0,,230.0,6.0,,1020.0,,5.0
2024-02-10 12:00:00,18.0,8.0,52.0,0.0,,260.0,7.0,,1021.0,,5.0
2024-02-10 13:00:00,14.0,12.0,88.0,0.0,,50.0,6.0,,1021.0,,5.0
2024-02-10 14:00:00,12.0,12.0,100.0,0.0,,40.0,6.0,,1022.0,,5.0
2024-02-10 15:00:00,11.0,8.6,85.0,0.0,,24.0,7.2,,1021.8,,1.0
2024-02-10 16:00:00,10.6,8.4,86.0,0.0,,28.0,6.8,,1022.0,,1.0
2024-02-10 17:00:00,11.1,8.3,83.0,0.0,,31.0,7.6,,1022.0,,1.0
2024-02-10 18:00:00,10.0,7.9,87.0,0.0,,35.0,6.1,,1021.7,,1.0
2024-02-10 19:00:00,8.8,6.2,84.0,0.0,,37.0,7.2,,1021.0,,5.0
2024-02-10 20:00:00,8.3,5.4,82.0,0.0,,38.0,7.9,,1020.6,,5.0
2024-02-10 21:00:00,8.4,5.3,81.0,0.0,,39.0,8.3,,1020.1,,5.0
2024-02-10 22:00:00,8.8,5.2,78.0,0.0,,40.0,8.6,,1019.4,,2.0
2024-02-10 23:00:00,9.6,4.8,72.0,0.0,,41.0,8.6,,1019.2,,1.0
2024-02-11 00:00:00,9.0,8.1,94.0,0.0,,10.0,7.0,,1020.0,,5.0
2024-02-11 01:00:00,8.0,8.0,100.0,0.0,,20.0,7.0,,1021.0,,5.0
2024-02-11 02:00:00,8.0,6.9,93.0,0.0,,30.0,7.0,,1021.0,,5.0
2024-02-11 03:00:00,12.0,10.1,88.0,0.0,,350.0,6.0,,1022.0,,5.0
2024-02-11 04:00:00,16.0,8.0,59.0,0.0,,260.0,6.0,,1023.0,,5.0
2024-02-11 05:00:00,19.0,7.1,46.0,0.0,,190.0,6.0,,1023.0,,5.0
2024-02-11 06:00:00,20.0,6.0,40.0,0.0,,230.0,6.0,,1023.0,,5.0
2024-02-11 07:00:00,22.0,5.8,35.0,0.0,,220.0,7.0,,1022.0,,5.0
2024-02-11 08:00:00,23.0,5.0,31.0,0.0,,290.0,6.0,,1021.0,,5.0
2024-02-11 09:00:00,23.0,5.9,33.0,0.0,,200.0,9.0,,1021.0,,5.0
2024-02-11 10:00:00,23.0,5.9,33.0,0.0,,220.0,6.0,,1020.0,,5.0
2024-02-11 11:00:00,23.0,5.9,33.0,0.0,,220.0,11.0,,1020.0,,5.0
2024-02-11 12:00:00,19.0,10.0,56.0,0.0,,20.0,6.0,,1021.0,,5.0
2024-02-11 13:00:00,15.0,10.0,72.0,0.0,,50.0,6.0,,1021.0,,5.0
2024-02-11 14:00:00,14.0,10.0,77.0,0.0,,50.0,6.0,,1021.0,,5.0
2024-02-11 15:00:00,12.6,8.9,78.0,0.0,,38.0,6.5,,1021.5,,1.0
2024-02-11 16:00:00,12.8,8.3,74.0,0.0,,33.0,5.4,,1021.4,,1.0
2024-02-11 17:00:00,13.2,8.1,71.0,0.0,,29.0,5.8,,1021.4,,1.0
2024-02-11 18:00:00,12.9,7.8,71.0,0.0,,31.0,5.8,,1020.9,,1.0
2024-02-11 19:00:00,12.2,7.1,71.0,0.0,,38.0,6.8,,1020.5,,1.0
2024-02-11 20:00:00,11.9,6.4,69.0,0.0,,36.0,7.6,,1020.5,,1.0
2024-02-11 21:00:00,11.6,6.1,69.0,0.0,,39.0,7.9,,1020.3,,1.0
2024-02-11 22:00:00,10.8,5.5,70.0,0.0,,46.0,8.6,,1019.6,,1.0
2024-02-11 23:00:00,10.0,5.0,71.0,0.0,,48.0,9.0,,1019.6,,1.0
2024-02-12 00:00:00,8.0,6.9,93.0,0.0,,10.0,7.0,,1021.0,,5.0
2024-02-12 01:00:00,8.0,8.0,100.0,0.0,,40.0,7.0,,1021.0,,5.0
2024-02-12 02:00:00,10.5,5.3,70.0,0.0,,51.0,10.4,,1020.4,,1.0
2024-02-12 03:00:00,14.2,8.2,67.0,0.0,,44.0,10.1,,1021.1,,1.0
2024-02-12 04:00:00,16.0,7.0,55.0,0.0,,290.0,6.0,,1022.0,,5.0
2024-02-12 05:00:00,17.0,7.9,55.0,0.0,,260.0,6.0,,1023.0,,5.0
2024-02-12 06:00:00,19.0,8.0,49.0,0.0,,240.0,6.0,,1023.0,,5.0
2024-02-12 07:00:00,20.0,7.0,43.0,0.0,,170.0,6.0,,1021.0,,5.0
2024-02-12 08:00:00,21.0,6.9,40.0,0.0,,260.0,6.0,,1020.0,,5.0
2024-02-12 09:00:00,22.0,7.0,38.0,0.0,,300.0,6.0,,1019.0,,5.0
2024-02-12 10:00:00,21.0,6.1,38.0,0.0,,320.0,6.0,,1019.0,,5.0
2024-02-12 11:00:00,20.0,4.9,37.0,0.0,,210.0,6.0,,1019.0,,5.0
2024-02-12 12:00:00,18.0,10.1,60.0,0.0,,40.0,6.0,,1020.0,,5.0
2024-02-12 13:00:00,15.0,13.0,88.0,0.0,,30.0,6.0,,1020.0,,5.0
2024-02-12 14:00:00,14.0,12.0,88.0,0.0,,70.0,6.0,,1020.0,,5.0
2024-02-12 15:00:00,15.0,11.0,77.0,0.0,,40.0,7.0,,1020.0,,5.0
2024-02-12 16:00:00,14.0,9.8,76.0,0.0,,47.0,5.0,,1019.7,,3.0
2024-02-12 17:00:00,12.6,9.6,82.0,0.0,,42.0,4.7,,1020.8,,3.0
2024-02-12 18:00:00,12.3,8.9,80.0,0.0,,38.0,5.4,,1020.8,,3.0
2024-02-12 19:00:00,12.0,8.1,77.0,0.0,,41.0,5.4,,1020.3,,3.0
2024-02-12 20:00:00,12.2,7.9,75.0,0.0,,44.0,6.5,,1020.0,,3.0
2024-02-12 21:00:00,12.5,7.8,73.0,0.0,,43.0,5.8,,1019.2,,3.0
2024-02-12 22:00:00,12.1,7.8,75.0,0.0,,58.0,5.4,,1018.7,,3.0
2024-02-12 23:00:00,13.8,7.3,65.0,0.0,,50.0,4.7,,1018.9,,3.0
2024-02-13 00:00:00,11.0,10.1,94.0,0.0,,20.0,6.0,,1020.0,,5.0
2024-02-13 01:00:00,11.0,10.1,94.0,0.0,,20.0,6.0,,1020.0,,5.0
2024-02-13 02:00:00,12.3,8.6,78.0,0.0,,25.0,6.1,,1020.0,,3.0
2024-02-13 03:00:00,13.0,11.1,88.0,0.0,,320.0,6.0,,1021.0,,5.0
2024-02-13 04:00:00,14.0,10.0,77.0,0.0,,320.0,6.0,,1022.0,,5.0
2024-02-13 05:00:00,18.0,8.0,52.0,0.0,,240.0,6.0,,1022.0,,5.0
2024-02-13 06:00:00,20.0,6.0,40.0,0.0,,230.0,9.0,,1021.0,,5.0
2024-02-13 07:00:00,21.0,6.1,38.0,0.0,,250.0,6.0,,1020.0,,5.0
2024-02-13 08:00:00,22.0,5.8,35.0,0.0,,240.0,7.0,,1019.0,,5.0
2024-02-13 09:00:00,22.0,7.0,38.0,0.0,,200.0,13.0,,1019.0,,5.0
2024-02-13 10:00:00,22.0,5.0,33.0,0.0,,200.0,6.0,,1019.0,,5.0
2024-02-13 11:00:00,20.0,4.9,37.0,0.0,,210.0,11.0,,1019.0,,5.0
2024-02-13 12:00:00,18.0,10.1,60.0,0.0,,40.0,6.0,,1019.0,,5.0
2024-02-13 13:00:00,15.0,10.0,72.0,0.0,,30.0,6.0,,1019.0,,5.0
2024-02-13 14:00:00,13.0,10.0,82.0,0.0,,40.0,6.0,,1020.0,,5.0
2024-02-13 15:00:00,12.7,9.2,79.0,0.0,,39.0,4.0,,1019.3,,1.0
2024-02-13 16:00:00,12.2,8.7,79.0,0.0,,34.0,5.4,,1019.4,,1.0
2024-02-13 17:00:00,12.8,8.3,74.0,0.0,,34.0,6.5,,1019.3,,1.0
2024-02-13 18:00:00,12.0,7.9,76.0,0.0,,38.0,6.8,,1019.3,,1.0
2024-02-13 19:00:00,11.4,7.5,77.0,0.0,,34.0,7.2,,1019.2,,1.0
2024-02-13 20:00:00,11.3,7.0,75.0,0.0,,30.0,7.2,,1018.7,,1.0
2024-02-13 21:00:00,11.0,6.5,74.0,0.0,,31.0,7.6,,1018.2,,1.0
2024-02-13 22:00:00,10.8,6.2,73.0,0.0,,33.0,8.3,,1017.8,,1.0
2024-02-13 23:00:00,11.3,5.6,68.0,0.0,,38.0,8.6,,1017.7,,1.0
2024-02-14 00:00:00,8.0,8.0,100.0,0.0,,40.0,6.0,,1019.0,,5.0
2024-02-14 01:00:00,8.0,6.9,93.0,0.0,,30.0,7.0,,1020.0,,5.0
2024-02-14 02:00:00,11.4,4.6,63.0,0.0,,45.0,8.6,,1019.3,,1.0
2024-02-14 03:00:00,13.0,9.1,77.0,0.0,,300.0,7.0,,1021.0,,5.0
2024-02-14 04:00:00,16.0,8.0,59.0,0.0,,310.0,6.0,,1022.0,,5.0
2024-02-14 05:00:00,17.0,7.1,52.0,0.0,,350.0,6.0,,1022.0,,5.0
2024-02-14 06:00:00,21.0,6.9,40.0,0.0,,270.0,6.0,,1021.0,,5.0
2024-02-14 07:00:00,22.0,5.0,33.0,0.0,,270.0,9.0,,1019.0,,5.0
2024-02-14 08:00:00,23.0,5.0,31.0,0.0,,280.0,9.0,,1018.0,,5.0
2024-02-14 09:00:00,24.0,4.9,29.0,0.0,,300.0,7.0,,1017.0,,5.0
2024-02-14 10:00:00,24.0,3.8,27.0,0.0,,280.0,9.0,,1017.0,,5.0
2024-02-14 11:00:00,23.0,7.1,36.0,0.0,,250.0,17.0,,1017.0,,5.0
2024-02-14 12:00:00,20.0,7.0,43.0,0.0,,280.0,7.0,,1018.0,,5.0
2024-02-14 13:00:00,15.0,10.0,72.0,0.0,,40.0,7.0,,1019.0,,5.0
2024-02-14 14:00:00,14.0,10.0,77.0,0.0,,50.0,6.0,,1019.0,,5.0
2024-02-14 15:00:00,13.3,8.8,74.0,0.0,,45.0,6.1,,1018.4,,1.0
2024-02-14 16:00:00,13.3,8.2,71.0,0.0,,53.0,6.1,,1018.8,,1.0
2024-02-14 17:00:00,13.9,7.9,67.0,0.0,,65.0,6.1,,1018.8,,1.0
2024-02-14 18:00:00,12.8,7.7,71.0,0.0,,59.0,5.8,,1018.8,,1.0
2024-02-14 19:00:00,12.0,7.3,73.0,0.0,,62.0,7.2,,1018.7,,1.0
2024-02-14 20:00:00,12.1,7.0,71.0,0.0,,60.0,8.3,,1018.6,,1.0
2024-02-14 21:00:00,11.0,6.7,75.0,0.0,,52.0,9.0,,1018.3,,1.0
2024-02-14 22:00:00,10.3,6.1,75.0,0.0,,48.0,9.4,,1017.7,,1.0
2024-02-14 23:00:00,10.2,5.8,74.0,0.0,,47.0,9.7,,1017.6,,1.0
2024-02-15 00:00:00,8.0,8.0,100.0,0.0,,20.0,6.0,,1019.0,,5.0
2024-02-15 01:00:00,8.0,8.0,100.0,0.0,,50.0,6.0,,1020.0,,5.0
2024-02-15 02:00:00,11.1,6.0,71.0,0.0,,47.0,10.4,,1018.9,,1.0
2024-02-15 03:00:00,14.8,8.5,66.0,0.0,,44.0,9.4,,1019.8,,1.0
2024-02-15 04:00:00,17.3,9.5,60.0,0.0,,193.0,5.4,,1020.3,,1.0
2024-02-15 05:00:00,19.0,7.1,46.0,0.0,,220.0,6.0,,1022.0,,5.0
2024-02-15 06:00:00,21.0,6.9,40.0,0.0,,220.0,7.0,,1021.0,,5.0
2024-02-15 07:00:00,22.0,5.8,35.0,0.0,,220.0,11.0,,1021.0,,5.0
2024-02-15 08:00:00,23.0,5.9,33.0,0.0,,240.0,7.0,,1020.0,,5.0
2024-02-15 09:00:00,24.0,5.8,31.0,0.0,,210.0,11.0,,1020.0,,5.0
2024-02-15 10:00:00,23.0,7.9,38.0,0.0,,230.0,9.0,,1019.0,,5.0
2024-02-15 11:00:00,22.0,8.1,41.0,0.0,,220.0,11.0,,1019.0,,5.0
2024-02-15 12:00:00,20.0,8.0,46.0,0.0,,210.0,6.0,,1019.0,,5.0
2024-02-15 13:00:00,16.0,12.0,77.0,0.0,,40.0,6.0,,1020.0,,5.0
2024-02-15 14:00:00,15.0,11.0,77.0,0.0,,40.0,6.0,,1020.0,,5.0
2024-02-15 15:00:00,13.7,10.5,81.0,0.0,,45.0,6.5,,1019.5,,1.0
2024-02-15 16:00:00,13.3,9.9,80.0,0.0,,36.0,6.5,,1019.5,,1.0
2024-02-15 17:00:00,12.5,9.1,80.0,0.0,,36.0,5.8,,1020.0,,1.0
2024-02-15 18:00:00,12.1,8.8,80.0,0.0,,42.0,6.1,,1019.9,,1.0
2024-02-15 19:00:00,11.8,8.3,79.0,0.0,,43.0,6.8,,1019.5,,1.0
2024-02-15 20:00:00,11.5,7.8,78.0,0.0,,46.0,7.2,,1019.4,,1.0
2024-02-15 21:00:00,11.1,7.4,78.0,0.0,,49.0,7.9,,1018.8,,1.0
2024-02-15 22:00:00,11.1,7.0,76.0,0.0,,51.0,8.3,,1018.2,,1.0
2024-02-15 23:00:00,11.5,6.6,72.0,0.0,,47.0,8.3,,1018.1,,1.0
2024-02-16 00:00:00,9.0,8.1,94.0,0.0,,20.0,6.0,,1020.0,,5.0
2024-02-16 01:00:00,9.0,9.0,100.0,0.0,,20.0,7.0,,1021.0,,5.0
2024-02-16 02:00:00,10.0,10.0,100.0,0.0,,360.0,6.0,,1022.0,,5.0
2024-02-16 03:00:00,14.0,12.0,88.0,0.0,,10.0,6.0,,1023.0,,5.0
2024-02-16 04:00:00,17.0,9.9,63.0,0.0,,240.0,6.0,,1023.0,,5.0
2024-02-16 05:00:00,18.0,9.1,56.0,0.0,,250.0,6.0,,1023.0,,5.0
2024-02-16 06:00:00,21.0,8.9,46.0,0.0,,220.0,9.0,,1022.0,,5.0
2024-02-16 07:00:00,22.0,8.1,41.0,0.0,,260.0,7.0,,1021.0,,5.0
2024-02-16 08:00:00,23.0,7.9,38.0,0.0,,210.0,6.0,,1020.0,,5.0
2024-02-16 09:00:00,23.0,9.0,41.0,0.0,,240.0,7.0,,1019.0,,5.0
2024-02-16 10:00:00,23.0,11.1,47.0,0.0,,260.0,11.0,,1019.0,,5.0
2024-02-16 11:00:00,22.0,10.2,47.0,0.0,,260.0,11.0,,1019.0,,5.0
2024-02-16 12:00:00,20.0,9.0,49.0,0.0,,250.0,7.0,,1019.0,,5.0
2024-02-16 13:00:00,18.0,9.1,56.0,0.0,,40.0,6.0,,1019.0,,5.0
2024-02-16 14:00:00,14.3,11.5,83.0,0.0,,9.0,6.1,,1019.1,,1.0
2024-02-16 15:00:00,14.1,11.1,82.0,0.0,,3.0,7.6,,1019.3,,1.0
2024-02-16 16:00:00,12.8,9.8,82.0,0.0,,25.0,7.2,,1019.1,,1.0
2024-02-16 17:00:00,14.0,9.8,76.0,0.0,,39.0,6.8,,1019.0,,1.0
2024-02-16 18:00:00,13.9,9.7,76.0,0.0,,50.0,5.4,,1018.7,,1.0
2024-02-16 19:00:00,13.0,9.3,78.0,0.0,,60.0,6.5,,1018.0,,1.0
2024-02-16 20:00:00,12.6,8.9,78.0,0.0,,63.0,6.8,,1017.2,,1.0
2024-02-16 21:00:00,11.7,8.5,81.0,0.0,,56.0,7.6,,1016.2,,1.0
2024-02-16 22:00:00,12.3,8.4,77.0,0.0,,56.0,7.9,,1015.2,,1.0
2024-02-16 23:00:00,11.8,8.5,80.0,0.0,,39.0,8.3,,1014.7,,1.0
2024-02-17 00:00:00,10.0,10.0,100.0,0.0,,10.0,6.0,,1016.0,,5.0
2024-02-17 01:00:00,10.0,10.0,100.0,0.0,,360.0,6.0,,1017.0,,5.0
2024-02-17 02:00:00,12.0,12.0,100.0,0.0,,30.0,6.0,,1017.0,,5.0
2024-02-17 03:00:00,14.0,12.0,88.0,0.0,,320.0,6.0,,1017.0,,5.0
2024-02-17 04:00:00,18.0,10.1,60.0,0.0,,130.0,6.0,,1017.0,,5.0
2024-02-17 05:00:00,19.0,10.0,56.0,0.0,,220.0,7.0,,1017.0,,5.0
2024-02-17 06:00:00,21.0,8.9,46.0,0.0,,260.0,6.0,,1017.0,,5.0
2024-02-17 07:00:00,22.0,8.8,43.0,0.0,,230.0,9.0,,1015.0,,5.0
2024-02-17 08:00:00,23.0,9.0,41.0,0.0,,250.0,7.0,,1015.0,,5.0
2024-02-17 09:00:00,23.0,9.0,41.0,0.0,,240.0,13.0,,1013.0,,5.0
2024-02-17 10:00:00,22.0,10.2,47.0,0.0,,240.0,6.0,,1013.0,,5.0
2024-02-17 11:00:00,21.0,8.9,46.0,0.0,,270.0,13.0,,1013.0,,5.0
2024-02-17 12:00:00,20.0,10.1,53.0,0.0,,260.0,11.0,,1013.0,,5.0
2024-02-17 13:00:00,16.0,12.9,82.0,0.0,,40.0,6.0,,1014.0,,5.0
2024-02-17 14:00:00,16.0,12.9,82.0,0.0,,40.0,6.0,,1014.0,,5.0
2024-02-17 15:00:00,14.4,11.5,83.0,0.0,,39.0,5.8,,1013.8,,1.0
2024-02-17 16:00:00,13.3,11.2,87.0,0.0,,51.0,4.7,,1014.0,,2.0
2024-02-17 17:00:00,12.6,10.7,88.0,0.0,,52.0,5.0,,1013.9,,2.0
2024-02-17 18:00:00,12.2,10.1,87.0,0.0,,47.0,5.8,,1013.8,,2.0
2024-02-17 19:00:00,11.9,9.6,86.0,0.0,,48.0,6.5,,1013.5,,3.0
2024-02-17 20:00:00,11.9,9.1,83.0,0.0,,41.0,7.2,,1013.2,,3.0
2024-02-17 21:00:00,11.9,8.9,82.0,0.0,,37.0,7.2,,1012.3,,3.0
2024-02-17 22:00:00,11.6,8.8,83.0,0.0,,37.0,7.6,,1011.4,,3.0
2024-02-17 23:00:00,11.5,8.7,83.0,0.0,,31.0,7.6,,1011.2,,3.0
2024-02-18 00:00:00,10.0,10.0,100.0,0.0,,40.0,6.0,,1013.0,,5.0
2024-02-18 01:00:00,10.0,10.0,100.0,0.0,,50.0,7.0,,1014.0,,5.0
2024-02-18 02:00:00,10.0,9.1,94.0,0.0,,40.0,6.0,,1015.0,,5.0
2024-02-18 03:00:00,14.0,13.0,94.0,0.0,,200.0,6.0,,1016.0,,5.0
2024-02-18 04:00:00,15.0,13.0,88.0,0.0,,300.0,6.0,,1017.0,,5.0
2024-02-18 05:00:00,19.0,11.1,60.0,0.0,,240.0,6.0,,1017.0,,5.0
2024-02-18 06:00:00,20.0,11.0,56.0,0.0,,250.0,9.0,,1017.0,,5.0
2024-02-18 07:00:00,21.0,9.9,49.0,0.0,,240.0,6.0,,1016.0,,5.0
2024-02-18 08:00:00,21.0,11.1,53.0,0.0,,200.0,9.0,,1015.0,,5.0
2024-02-18 09:00:00,21.0,11.9,56.0,0.0,,170.0,7.0,,1014.0,,5.0
2024-02-18 10:00:00,21.0,11.1,53.0,0.0,,200.0,7.0,,1014.0,,5.0
2024-02-18 11:00:00,20.0,12.0,60.0,0.0,,150.0,7.0,,1013.0,,5.0
2024-02-18 12:00:00,20.0,12.0,60.0,0.0,,130.0,6.0,,1013.0,,5.0
2024-02-18 13:00:00,17.0,15.0,88.0,0.0,,50.0,6.0,,1014.0,,5.0
2024-02-18 14:00:00,16.0,15.0,94.0,0.0,,40.0,6.0,,1015.0,,5.0
2024-02-18 15:00:00,15.1,10.3,73.0,0.0,,62.0,4.3,,1013.5,,3.0
2024-02-18 16:00:00,15.2,10.0,71.0,0.0,,48.0,4.7,,1014.0,,3.0
2024-02-18 17:00:00,14.2,9.6,74.0,0.0,,45.0,5.8,,1014.0,,3.0
2024-02-18 18:00:00,13.7,9.1,74.0,0.0,,48.0,6.5,,1013.9,,3.0
2024-02-18 19:00:00,13.5,8.3,71.0,0.0,,48.0,6.8,,1013.8,,3.0
2024-02-18 20:00:00,13.2,8.1,71.0,0.0,,50.0,7.2,,1013.6,,3.0
2024-02-18 21:00:00,13.0,7.9,71.0,0.0,,52.0,7.9,,1012.8,,3.0
2024-02-18 22:00:00,12.8,7.7,71.0,0.0,,51.0,8.3,,1012.1,,3.0
2024-02-18 23:00:00,12.7,7.2,69.0,0.0,,50.0,8.3,,1011.8,,3.0
2024-02-19 00:00:00,12.9,6.7,66.0,0.0,,48.0,8.6,,1012.3,,3.0
2024-02-19 01:00:00,12.7,6.3,65.0,0.0,,50.0,8.6,,1012.8,,3.0
2024-02-19 02:00:00,12.7,6.5,66.0,0.0,,56.0,9.7,,1013.3,,3.0
2024-02-19 03:00:00,16.6,9.8,64.0,0.0,,70.0,9.7,,1013.7,,1.0
2024-02-19 04:00:00,20.7,10.5,52.0,0.0,,140.0,10.4,,1014.3,,2.0
2024-02-19 05:00:00,21.5,10.6,50.0,0.0,,163.0,13.0,,1014.1,,2.0
2024-02-19 06:00:00,21.6,12.4,56.0,0.0,,210.0,12.2,,1013.9,,3.0
2024-02-19 07:00:00,20.7,12.4,59.0,0.7,,232.0,11.5,,1014.4,,8.0
2024-02-19 08:00:00,20.6,12.6,60.0,0.0,,189.0,9.7,,1013.4,,3.0
2024-02-19 09:00:00,20.2,11.1,56.0,0.9,,141.0,15.1,,1012.5,,8.0
2024-02-19 10:00:00,19.7,10.9,57.0,0.8,,72.0,19.1,,1011.2,,17.0
2024-02-19 11:00:00,19.7,9.3,51.0,0.0,,65.0,21.2,,1010.5,,2.0
2024-02-19 12:00:00,18.6,8.6,52.0,0.0,,60.0,17.6,,1010.2,,1.0
2024-02-19 13:00:00,16.7,8.6,59.0,0.0,,63.0,17.3,,1010.8,,1.0
2024-02-19 14:00:00,16.0,9.2,64.0,0.0,,61.0,16.9,,1011.1,,3.0
2024-02-19 15:00:00,15.5,10.1,70.0,0.0,,60.0,19.4,,1011.5,,3.0
2024-02-19 16:00:00,15.3,9.6,69.0,0.0,,22.0,18.7,,1012.4,,3.0
2024-02-19 17:00:00,14.1,8.3,68.0,0.4,,63.0,19.8,,1011.7,,17.0
2024-02-19 18:00:00,13.6,8.0,69.0,0.0,,57.0,16.2,,1012.3,,3.0
2024-02-19 19:00:00,12.8,8.7,76.0,2.2,,35.0,13.7,,1012.1,,18.0
2024-02-19 20:00:00,13.1,10.1,82.0,0.2,,61.0,14.0,,1012.1,,7.0
2024-02-19 21:00:00,12.6,9.1,79.0,0.3,,61.0,15.5,,1012.0,,17.0
2024-02-19 22:00:00,11.7,8.7,82.0,0.3,,63.0,15.5,,1011.7,,17.0
